Symbol,Name,Common Shares Outstdg,Shr Out less Closely Held Sh,Shr Out less Closely Held Sh
FLWS,"1-800-FLOWERS.COM, Inc. Class A",64.1,30.6,49.0
TXG,10x Genomics Inc Class A,127.0,112.1,88.3
SRCE,1st Source Corporation,24.1,17.7,73.9
DDD,3D Systems Corporation,146.9,141.2,95.5
FDMT,"4D Molecular Therapeutics, Inc.",52.3,46.6,90.3
EGHT,"8x8, Inc.",139.3,134.0,97.0
MASS,908 Devices Inc.,37.8,28.2,74.3
ATEN,"A10 Networks, Inc.",72.0,70.3,97.7
AIR,AAR CORP.,39.8,38.9,97.7
AARD,"Aardvark Therapeutics, Inc.",21.8,12.1,55.2
ABX,"Abacus Global Management, Inc. Class A",95.9,34.7,38.5
ABEO,"Abeona Therapeutics, Inc.",57.0,48.3,90.9
ANF,Abercrombie & Fitch Co. Class A,44.9,43.9,98.1
ABM,ABM Industries Incorporated,58.5,57.5,98.4
ABSI,Absci Corporation,155.9,134.8,86.5
ACTG,Acacia Research Corporation,96.6,95.3,98.7
ASO,"Academy Sports and Outdoors, Inc.",64.5,63.6,98.7
ACAD,ACADIA Pharmaceuticals Inc.,171.2,168.7,98.5
AKR,Acadia Realty Trust,133.5,132.9,99.5
AAMI,Acadian Asset Management Inc.,35.6,35.1,98.1
ACEL,"Accel Entertainment, Inc. Class A",81.4,52.3,64.0
ACH,Accendra Health Inc,76.6,69.4,96.2
ACCO,ACCO Brands Corporation,92.3,89.4,95.8
ARAY,Accuray Incorporated,119.0,113.2,95.5
ACIW,"ACI Worldwide, Inc.",101.7,99.7,98.4
ACRS,"Aclaris Therapeutics, Inc.",139.7,121.0,85.4
ACMR,"ACM Research, Inc. Class A",66.2,55.4,83.7
ACU,Acme United Corporation,3.8,3.4,87.8
ACNB,ACNB Corporation,10.2,9.8,96.3
ACR,ACRES Commercial Realty Corp.,7.1,5.6,82.8
ACTU,"Actuate Therapeutics, Inc.",23.7,10.1,41.2
GOLF,Acushnet Holdings Corp.,58.6,27.1,46.7
ACVA,"ACV Auctions, Inc. Class A",174.6,163.4,94.9
ADAM,"Adamas Trust, Inc.",89.9,83.2,92.8
AHCO,AdaptHealth Corp.,136.1,86.3,65.8
ADPT,Adaptive Biotechnologies Corp.,160.0,154.0,96.2
ADCT,ADC Therapeutics Ltd,127.2,93.7,74.3
ADUS,Addus HomeCare Corporation,18.7,18.1,97.3
ADEA,Adeia Inc.,110.3,108.1,97.2
ADNT,Adient plc,78.4,76.7,98.5
ADMA,"ADMA Biologics, Inc.",231.8,224.1,96.6
ADTN,"ADTRAN Holdings, Inc.",81.0,74.3,86.7
AAP,"Advance Auto Parts, Inc.",60.3,59.2,98.0
AEIS,"Advanced Energy Industries, Inc.",38.0,37.6,99.1
ASIX,"Advansix, Inc.",27.0,25.5,95.9
ADV,Advantage Solutions Inc Class A,13.3,4.1,28.3
AEBI,Aebi Schmidt Holding AG,77.4,36.6,47.4
AEHR,Aehr Test Systems,31.5,29.7,93.7
ALMU,"Aeluma, Inc.",18.0,12.4,53.1
AVAV,"AeroVironment, Inc.",49.9,37.5,99.3
ASLE,AerSale Corporation,47.3,33.4,70.7
AEVA,"Aeva Technologies, Inc.",63.0,40.4,62.6
AGL,agilon health inc,16.7,12.0,73.5
AGYS,"Agilysys, Inc.",28.1,25.7,94.7
AGIO,"Agios Pharmaceuticals, Inc.",59.5,54.4,91.7
AHRT,"AH Realty Trust, Inc.",76.0,74.9,98.6
AIRJ,AirJoule Technologies Corporation Class A,68.5,31.1,37.3
AIRO,"Airo Group Holdings, Inc.",31.4,20.0,63.7
AIRS,"Airsculpt Technologies, Inc.",70.5,9.2,24.0
AISP,Airship AI Holdings Inc Class A,34.4,24.3,71.1
AKBA,"Akebia Therapeutics, Inc.",268.3,258.9,97.9
AKTS,"Aktis Oncology, Inc.",53.4,29.3,68.5
ALG,Alamo Group Inc.,12.2,11.7,95.8
ALRM,"Alarm.com Holdings, Inc.",49.5,46.5,94.4
AIN,Albany International Corp. Class A,28.4,28.2,98.9
ALDX,"Aldeyra Therapeutics, Inc.",60.3,55.8,92.5
ALEC,"Alector, Inc.",111.0,75.2,67.5
ALRS,Alerus Financial Corporation,25.1,22.8,90.6
ALX,"Alexander's, Inc.",5.1,2.1,41.6
ALCO,"Alico, Inc.",7.4,5.5,72.4
ALIT,"Alight, Inc. Class A",526.8,450.8,87.8
ALHC,"Alignment Healthcare, Inc.",206.7,182.0,86.9
ALKT,Alkami Technology Inc,107.0,63.8,63.4
ALKS,Alkermes Public Limited Company,166.7,163.6,98.1
ALGT,Allegiant Travel Company,18.4,15.8,83.9
ALH,"Alliance Laundry Holdings, Inc.",198.6,46.0,23.1
ALNT,Allient Inc.,17.0,15.0,84.8
ALLO,"Allogene Therapeutics, Inc.",331.3,239.9,68.5
AOSL,Alpha and Omega Semiconductor Limited,29.9,24.1,80.5
AMR,"Alpha Metallurgical Resources, Inc.",12.7,10.4,82.0
TKNO,"Alpha Teknova, Inc.",53.6,10.8,20.1
ATEC,"Alphatec Holdings, Inc.",153.8,116.2,76.3
PINE,"Alpine Income Property Trust, Inc.",16.5,15.0,90.2
ALTG,"Alta Equipment Group, Inc.",32.5,19.2,60.0
ALTI,"AlTi Global, Inc. Class A",107.4,68.7,64.6
ALT,"Altimmune, Inc.",194.4,178.2,99.3
ALMS,Alumis Inc.,127.2,82.7,63.9
AMAL,Amalgamated Financial Corp,29.9,17.7,59.5
AMBA,"Ambarella, Inc.",43.8,41.3,94.5
AMBQ,"Ambiq Micro, Inc.",21.4,17.0,81.4
AMC,"AMC Entertainment Holdings, Inc. Class A",612.1,606.4,99.6
AMCX,AMC Global Media Inc. Class A,43.9,31.2,70.8
AMTB,Amerant Bancorp Inc. Class A,39.4,34.7,89.9
AMRC,"Ameresco, Inc. Class A",53.0,32.0,60.4
CRMT,"America's Car-Mart, Inc.",8.3,7.6,93.1
AAT,"American Assets Trust, Inc.",61.4,47.3,77.4
ABAT,American Battery Technology Co.,136.4,131.5,96.3
ACIC,American Coastal Insurance Corporation,48.5,24.7,51.3
AEO,"American Eagle Outfitters, Inc.",166.7,151.5,91.4
AHR,"American Healthcare REIT, Inc.",192.7,191.2,99.2
AII,"American Integrity Insurance Group, Inc.",19.6,11.0,56.2
AOUT,"American Outdoor Brands, Inc.",12.6,11.6,86.2
APEI,"American Public Education, Inc.",18.3,17.4,94.1
ARL,"American Realty Investors, Inc.",16.2,1.3,8.1
AWR,American States Water Company,39.2,38.8,99.1
AMSC,American Superconductor Corporation,47.6,45.9,95.6
AVD,American Vanguard Corporation,28.6,27.7,93.2
AMWD,American Woodmark Corporation,14.6,14.0,96.9
ABCB,Ameris Bancorp,67.3,63.4,94.6
AMSF,"AMERISAFE, Inc.",18.7,18.3,98.2
ATLO,Ames National Corporation,8.9,8.7,98.4
AMN,"AMN Healthcare Services, Inc.",38.8,38.4,99.3
AMRX,"Amneal Pharmaceuticals, Inc. Class A",319.0,154.4,52.1
AMPH,"Amphastar Pharmaceuticals, Inc.",44.1,33.1,72.3
AMPL,Amplitude Inc Class A,132.6,84.7,61.0
AMPX,Amprius Technologies Inc,141.6,125.0,85.1
AMLX,"Amylyx Pharmaceuticals, Inc.",111.2,92.8,84.1
ANAB,"AnaptysBio, Inc.",29.1,27.2,93.4
AVXL,Anavex Life Sciences Corp.,92.7,89.8,96.6
ANDE,"Andersons, Inc.",34.1,32.6,94.5
AOMR,"Angel Oak Mortgage REIT, Inc.",24.9,18.7,75.0
ANGI,Angi Inc Class A,40.4,28.5,76.8
ANGO,"AngioDynamics, Inc.",41.3,36.5,95.4
ANIP,"ANI Pharmaceuticals, Inc.",22.7,20.0,86.2
ANIK,"Anika Therapeutics, Inc.",13.3,12.6,96.1
ANNX,"Annexon, Inc.",162.5,143.6,88.5
AVR,Anteris Technologies Global Corp.,97.3,81.3,99.0
ATEX,Anterix Inc.,18.7,18.2,96.5
APOG,"Apogee Enterprises, Inc.",21.2,20.6,97.3
APGE,"Apogee Therapeutics, Inc.",75.3,56.2,69.3
ARI,"Apollo Commercial Real Estate Finance, Inc.",132.9,131.6,98.9
APPN,Appian Corporation Class A,74.4,38.8,52.1
APLE,Apple Hospitality REIT Inc,236.1,218.5,92.9
APLD,Applied Digital Corporation,285.8,258.1,71.4
AAOI,"Applied Optoelectronics, Inc.",80.2,76.4,94.4
AQST,"Aquestive Therapeutics, Inc.",124.3,118.1,94.3
ABR,Arbor Realty Trust Inc,192.4,173.5,90.6
ABUS,Arbutus Biopharma Corporation,196.9,156.5,78.2
ARCB,ArcBest Corporation,22.3,21.8,98.0
ACHR,Archer Aviation Inc Class A,759.6,635.9,83.8
AROC,Archrock Inc.,175.3,170.3,97.3
ACA,"Arcosa, Inc.",49.1,48.2,98.2
ARCT,"Arcturus Therapeutics Holdings, Inc.",28.4,26.0,91.6
RCUS,"Arcus Biosciences, Inc.",125.8,83.0,65.6
ARQT,Arcutis Biotherapeutics Inc,125.1,110.4,88.1
AMBP,Ardagh Metal Packaging S.A,597.7,137.3,23.1
ARDX,"Ardelyx, Inc.",247.0,236.2,96.3
ARDT,"Ardent Health, Inc.",143.4,22.5,16.2
ASC,Ardmore Shipping Corp.,40.8,34.5,85.5
AREN,"Arena Group Holdings, Inc.",47.6,11.2,23.3
ACRE,Ares Commercial Real Estate Corporation,55.5,52.0,93.7
AGX,"Argan, Inc.",14.0,13.4,95.8
ARHS,"Arhaus, Inc. Class A",141.3,51.9,36.4
ARKO,ARKO Corp,112.2,72.7,64.9
ARLO,"Arlo Technologies, Inc.",108.6,105.3,97.4
ARR,"ARMOUR Residential REIT, Inc.",124.0,123.8,99.7
ARQ,"Arq, Inc.",42.9,32.0,79.4
ARRY,Array Technologies Inc,153.8,151.1,98.4
AVBP,"ArriVent BioPharma, Inc.",46.6,31.5,65.4
AROW,Arrow Financial Corporation,16.5,16.0,97.1
ARWR,"Arrowhead Pharmaceuticals, Inc.",140.9,131.9,92.0
SPRY,"ARS Pharmaceuticals, Inc.",99.3,62.6,62.6
AIP,"Arteris, Inc.",46.2,35.0,70.0
APAM,"Artisan Partners Asset Management, Inc. Class A",71.0,68.8,97.2
AORT,"Artivion, Inc.",48.5,46.3,95.4
ARVN,"Arvinas, Inc.",64.5,53.8,83.7
ASAN,"Asana, Inc. Class A",243.7,93.7,37.2
ABG,"Asbury Automotive Group, Inc.",18.6,18.5,99.2
ACNT,Ascent Industries Co.,9.0,8.0,88.8
ASPI,"ASP Isotopes, Inc.",125.9,112.9,88.1
ASPN,Aspen Aerogels Inc,82.9,69.4,83.5
ASB,Associated Banc-Corp,165.9,141.6,98.9
ASTE,"Astec Industries, Inc.",23.0,22.6,98.7
ASTH,Astrana Health Inc.,49.6,39.1,77.6
ATRO,Astronics Corporation,35.9,31.3,85.9
ASUR,"Asure Software, Inc.",28.7,23.5,83.5
AVIR,"Atea Pharmaceuticals, Inc.",80.0,63.3,79.6
ASIC,Ategrity Specialty Insurance Company Holdings,48.0,7.6,15.8
ATKR,Atkore Inc,33.8,33.1,98.2
BATRA,Atlanta Braves Holdings Inc Class A,64.1,9.5,15.1
BATRK,Atlanta Braves Holdings Inc Class C,64.1,47.5,73.5
ATLN,Atlantic International Corp,79.4,11.0,39.1
AUB,Atlantic Union Bankshares Corporation,143.1,141.7,99.1
ATLC,Atlanticus Holdings Corp.,15.1,9.3,62.3
AESI,Atlas Energy Solutions Inc.,124.9,79.4,63.8
ATMU,"Atmus Filtration Technologies, Inc.",81.7,81.0,99.3
ATNI,"ATN International, Inc.",15.4,9.6,64.6
ATOM,Atomera Incorporated,38.7,36.6,94.4
ATRC,"AtriCure, Inc.",50.6,48.5,96.4
RNA,"Atrium Therapeutics, Inc.",17.1,17.1,#N/A
ATYR,"aTyr Pharma, Inc.",98.1,95.6,97.5
AEYE,"AudioEye, Inc.",12.4,7.9,64.6
AURA,Aura Biosciences Inc,103.4,72.1,73.6
AUPH,Aurinia Pharmaceuticals Inc.,128.6,113.9,89.6
AVNS,"Avanos Medical, Inc.",46.8,44.9,96.2
AVAH,Aveanna Healthcare Holdings Inc,217.5,81.0,34.0
AVPT,"AvePoint, Inc. Class A",212.0,143.2,62.8
AVNW,"Aviat Networks, Inc.",12.9,11.5,89.5
AVBH,"Avidbank Holdings, Inc.",11.0,8.4,75.6
AVNT,Avient Corporation,91.7,90.9,99.1
AVA,Avista Corporation,82.6,81.8,99.0
RCEL,AVITA Medical Inc,24.8,24.6,99.0
ACLS,"Axcelis Technologies, Inc.",30.7,30.4,98.6
AXGN,"Axogen, Inc.",53.2,51.9,97.9
AX,"Axos Financial, Inc.",56.9,54.4,95.6
AXSM,"Axsome Therapeutics, Inc.",51.5,43.2,83.7
AZTA,"Azenta, Inc.",46.1,45.6,97.9
AZZ,AZZ Inc.,29.9,29.3,98.4
BGS,"B&G Foods, Inc.",80.4,76.2,96.2
BLZE,"Backblaze, Inc. Class A",60.0,56.6,94.6
BMI,"Badger Meter, Inc.",29.2,29.0,99.5
BKKT,"Bakkt, Inc. Class A",44.6,30.2,62.4
BCPC,Balchem Corp,32.1,31.9,99.5
BWIN,"Baldwin Insurance Group, Inc. Class A",97.5,95.3,99.3
BALY,Bally's Corporation,48.7,9.9,21.2
BANC,"Banc of California, Inc.",154.2,149.1,85.9
BANF,BancFirst Corporation,33.6,21.3,62.0
BLX,"Banco Latinoamericano de Comercio Exterior, S.A. Class E",35.9,27.7,77.9
TBBK,Bancorp Inc,41.6,39.1,94.1
BAND,Bandwidth Inc. Class A,32.0,29.4,91.3
BFC,Bank First Corp,11.2,10.1,90.7
BOH,Bank of Hawaii Corp,39.6,39.1,98.2
BMRC,Bank of Marin Bancorp,16.2,15.3,90.2
NTB,Bank of N.T. Butterfield & Son Limited (The),39.9,39.1,98.7
BSVN,Bank7 Corp.,9.5,4.1,42.9
BKU,"BankUnited, Inc.",72.7,72.0,99.1
BWFG,"Bankwell Financial Group, Inc.",8.0,5.8,73.8
BANR,Banner Corporation,34.0,33.0,97.5
BHB,"Bar Harbor Bankshares, Inc.",16.7,16.2,97.2
BARK,"BARK, Inc. Class A",8.6,4.8,64.9
BNED,"Barnes & Noble Education, Inc.",34.3,12.6,34.5
BBSI,"Barrett Business Services, Inc.",24.6,23.6,96.5
BSET,"Bassett Furniture Industries, Inc.",8.6,7.2,83.6
BCML,BayCom Corp.,10.9,10.4,94.0
BCBP,"BCB Bancorp, Inc.",17.4,15.7,89.2
BBT,Beacon Financial Corporation,83.8,82.7,98.6
BEAM,"Beam Therapeutics, Inc.",102.9,93.7,91.2
BZH,"Beazer Homes USA, Inc.",27.3,24.3,91.1
BBBY,"Bed Bath & Beyond, Inc.",73.9,72.6,98.8
BELFA,Bel Fuse Inc. Class A,12.6,1.6,13.1
BELFB,Bel Fuse Inc. Class B,12.6,10.4,83.1
BDC,Belden Inc.,38.9,38.3,98.6
BHE,"Benchmark Electronics, Inc.",35.9,34.7,96.7
BNTC,Benitec Biopharma Inc,34.4,32.7,93.5
BBNX,"Beta Bionics, Inc.",44.6,34.0,77.3
BETA,"BETA Technologies, Inc. Class A",229.8,112.9,48.1
BETR,Better Home & Finance Holding Company Class A,18.9,7.4,42.0
BYND,"Beyond Meat, Inc.",515.3,496.8,97.0
BGC,"BGC Group, Inc. Class A",479.9,364.9,76.0
BCAX,Bicara Therapeutics Inc.,65.7,41.4,58.0
BBAI,"BigBear.ai Holdings, Inc.",478.9,473.7,98.9
BH,"Biglari Holdings, Inc. Class B",3.1,2.1,66.4
BIOA,"BioAge Labs, Inc.",44.5,33.0,62.4
BCRX,"BioCryst Pharmaceuticals, Inc.",254.2,229.4,88.7
BHVN,Biohaven Ltd.,150.6,125.4,81.1
BLFS,"BioLife Solutions, Inc.",48.9,46.7,96.4
BTMD,biote Corp. Class A,30.3,27.7,90.9
BVS,"Bioventus, Inc. Class A",67.7,46.7,68.8
BTBT,"Bit Digital, Inc.",326.6,320.4,98.5
BTDR,Bitdeer Technologies Group Class A,241.1,128.5,52.1
BJRI,"BJ's Restaurants, Inc.",21.0,18.6,90.7
BKTI,BK Technologies Corp.,3.8,2.6,76.2
BKV,BKV Corporation,109.4,26.0,23.9
BKH,Black Hills Corporation,76.1,75.7,99.5
BRCB,"Black Rock Coffee Bar, Inc. Class A",17.5,16.8,96.2
BLKB,"Blackbaud, Inc.",45.9,35.1,77.6
BL,"BlackLine, Inc.",58.7,47.2,81.0
BKSY,BlackSky Technology Inc Class A,37.1,30.8,82.4
BXMT,"Blackstone Mortgage Trust, Inc. Class A",168.7,157.3,93.2
BZAI,"Blaize Holdings, Inc.",122.8,83.9,67.7
BLND,"Blend Labs, Inc. Class A",257.1,177.4,69.5
BE,Bloom Energy Corporation Class A,284.4,266.0,92.4
BLMN,"Bloomin' Brands, Inc.",85.6,84.5,97.6
BLBD,Blue Bird Corporation,31.6,31.2,98.4
BRBS,"Blue Ridge Bankshares, Inc.",89.9,61.6,69.1
BXC,BlueLinx Holdings Inc.,7.8,7.5,96.3
BCC,Boise Cascade Co.,35.2,34.3,98.5
BOOT,"Boot Barn Holdings, Inc.",30.4,30.2,99.3
BPK3P6,Borr Drilling Limited,307.7,270.6,85.1
BOC,Boston Omaha Corp. Class A,30.5,29.3,95.7
BOW,Bowhead Specialty Holdings Inc.,32.8,21.8,66.8
BWMN,"Bowman Consulting Group, Ltd.",17.5,14.1,80.9
BOX,"Box, Inc. Class A",138.5,133.0,96.3
BHR,"Braemar Hotels & Resorts, Inc.",68.7,52.2,76.1
BDN,Brandywine Realty Trust,173.7,165.5,96.5
BRZE,"Braze, Inc. Class A",113.4,84.7,73.2
BRCC,BRC Inc Class A,117.0,106.1,91.7
BFH,"Bread Financial Holdings, Inc.",40.4,39.7,97.3
BBIO,"BridgeBio Pharma, Inc.",195.9,168.5,85.6
BWB,"Bridgewater Bancshares, Inc.",27.9,20.8,74.8
DRUG,Bright Minds Biosciences Inc.,9.8,7.9,#N/A
BRSP,BrightSpire Capital Inc,130.3,126.6,97.5
BTSG,"BrightSpring Health Services, Inc.",193.9,149.0,63.4
BRSL,Brightstar Lottery PLC,189.4,100.4,53.3
BV,"BrightView Holdings, Inc.",93.2,68.2,75.1
BCO,Brink's Company,41.2,40.6,98.9
EAT,"Brinker International, Inc.",42.9,42.3,98.4
VTOL,Bristow Group Inc,29.6,28.7,97.0
BNL,"Broadstone Net Lease, Inc.",191.8,189.6,99.0
BKD,Brookdale Senior Living Inc.,238.8,215.5,90.2
*BBUC,Brookfield Business Corporation Class A,207.0,62.3,33.3
*BIPC,Brookfield Infrastructure Corporation Class A,133.0,119.9,90.1
BRT,BRT Apartments Corp,18.8,10.3,53.8
BKE,"Buckle, Inc.",51.5,31.6,61.5
BBW,"Build-A-Bear Workshop, Inc.",12.6,11.9,94.3
BMBL,"Bumble, Inc. Class A",130.4,89.2,58.5
BMGYLN,Burford Capital Limited,219.1,198.1,#N/A
BHRB,Burke Herbert Financial Services Corp,20.1,16.1,88.4
BFST,"Business First Bancshares, Inc.",32.7,30.7,94.3
BFLY,"Butterfly Network, Inc. Class A",261.3,199.8,76.4
BVFL,"BV Financial, Inc.",8.8,6.5,77.1
BY,"Byline Bancorp, Inc.",45.4,32.4,71.6
BYRN,Byrna Technologies Inc.,22.7,17.8,77.5
CFFI,C&F Financial Corporation,3.3,3.0,93.2
AI,"C3.ai, Inc. Class A",145.3,133.1,89.4
CABO,"Cable One, Inc.",5.7,4.7,81.6
CBT,Cabot Corporation,51.6,50.7,98.6
WHD,"Cactus, Inc. Class A",69.4,68.5,98.9
CDZI,Cadiz Inc.,83.7,55.6,66.6
CDRE,"Cadre Holdings, Inc.",42.8,30.5,69.3
CALM,"Cal-Maine Foods, Inc.",47.4,42.6,80.0
CVGW,"Calavo Growers, Inc.",17.9,16.6,93.3
CMCL,Caledonia Mining Corporation PLC,19.3,14.5,75.9
CAL,"Caleres, Inc.",33.7,32.4,95.9
BCAL,California BanCorp,32.2,25.4,74.9
CRC,California Resources Corp,88.8,81.1,87.0
CWT,California Water Service Group,59.9,59.4,99.3
CALX,"Calix, Inc.",63.8,57.9,90.8
CALY,Callaway Golf Company,179.8,147.1,70.5
CLMT,"Calumet, Inc.",87.1,67.8,77.9
CAC,Camden National Corporation,16.9,16.5,97.8
CWH,"Camping World Holdings, Inc. Class A",63.5,59.6,93.7
CADL,"Candel Therapeutics, Inc.",73.2,58.9,74.8
CNNE,"Cannae Holdings, Inc.",43.9,36.9,85.5
CBNK,"Capital Bancorp, Inc.",16.3,10.9,67.3
CCBG,"Capital City Bank Group, Inc.",17.1,13.7,80.3
CFFN,"Capitol Federal Financial, Inc.",126.8,116.7,92.2
CPRI,Capri Holdings Limited,119.2,116.0,97.5
CAPR,"Capricor Therapeutics, Inc.",57.8,52.3,89.8
CV,"CapsoVision, Inc.",49.8,27.5,61.1
CRDF,"Cardiff Oncology, Inc.",68.4,62.4,91.1
CDNL,"Cardinal Infrastructure Group, Inc.",15.3,13.6,89.1
CDNA,"CareDx, Inc.",51.7,46.1,89.9
CTRE,"CareTrust REIT, Inc.",236.2,234.3,99.5
CARG,"CarGurus, Inc. Class A",90.2,72.3,81.5
CARL,"Carlsmed, Inc.",27.2,8.9,34.6
CSV,Carriage Services Inc.,15.9,14.1,89.4
CARS,"Cars.com, Inc.",55.9,48.5,88.1
CARE,"Carter Bankshares, Inc.",22.2,21.3,96.0
CRI,Carter's Incorporated,36.9,35.1,96.1
RNAC,"Cartesian Therapeutics, Inc.",29.4,10.6,39.8
CWST,"Casella Waste Systems, Inc. Class A",63.6,62.2,97.8
CASS,"Cass Information Systems, Inc.",12.9,11.3,88.2
CSTL,"Castle Biosciences, Inc.",30.3,29.6,97.6
CPRX,"Catalyst Pharmaceuticals, Inc.",122.4,109.9,89.9
CATY,Cathay General Bancorp,67.0,64.0,95.6
CVCO,"Cavco Industries, Inc.",7.8,7.7,94.0
CBFV,"CB Financial Services, Inc.",5.1,4.6,91.3
CBZ,"CBIZ, Inc.",53.6,48.0,89.2
CBL,"CBL & Associates Properties, Inc.",30.9,24.1,79.6
CECO,CECO Environmental Corp.,35.9,29.6,84.2
CELC,Celcuity Inc.,48.3,38.5,76.8
CLDX,"Celldex Therapeutics, Inc.",78.5,76.2,97.1
CSR,Centerspace,16.8,16.7,99.4
CENT,Central Garden & Pet Company,62.3,7.7,13.1
CENTA,Central Garden & Pet Company Class A,62.3,49.2,78.9
CPF,Central Pacific Financial Corp.,26.1,25.4,97.9
LEU,Centrus Energy Corp. Class A,19.7,18.3,92.6
CTRI,"Centuri Holdings, Inc.",100.9,86.2,84.9
CENX,Century Aluminum Company,99.0,67.9,59.9
CCS,"Century Communities, Inc.",28.8,24.8,85.5
CRNC,Cerence Inc.,45.2,40.6,93.7
CBLL,"Ceribell, Inc.",37.9,24.4,64.1
CERS,Cerus Corporation,200.4,189.1,95.3
CEVA,"CEVA, Inc.",27.9,26.7,96.4
CFBK,CF Bankshares Inc,6.5,5.0,77.3
CGON,"CG Oncology, Inc.",88.2,58.5,65.0
CBNA,"Chain Bridge Bancorp, Inc. Class A",6.6,2.8,42.1
CD,Chaince Digital Holdings Inc.,69.9,45.4,60.2
SKY,"Champion Homes, Inc.",55.3,54.4,97.5
GTLS,"Chart Industries, Inc.",47.9,47.5,99.2
CLDT,Chatham Lodging Trust,46.7,45.3,97.2
CAKE,Cheesecake Factory Incorporated,49.7,45.7,92.1
CHEF,"Chefs' Warehouse, Inc.",40.8,36.7,89.5
CC,Chemours Co.,150.4,149.0,99.2
CHMG,Chemung Financial Corporation,4.8,3.6,74.6
CPK,Chesapeake Utilities Corporation,24.0,23.6,98.5
REFI,"Chicago Atlantic Real Estate Finance, Inc.",21.2,18.0,85.6
CIM,Chimera Investment Corporation,83.6,81.2,97.3
XRN,Chiron Real Estate Inc.,13.2,12.1,91.7
COFS,"ChoiceOne Financial Services, Inc.",15.0,14.0,93.3
CMPR,Cimpress Plc,24.2,20.1,84.3
CNK,"Cinemark Holdings, Inc.",116.8,103.9,89.4
CIFR,Cipher Digital Inc.,409.0,332.8,80.9
CTRN,"Citi Trends, Inc.",8.3,7.5,89.8
CZNC,Citizens & Northern Corporation,17.9,17.0,95.0
CZWI,"Citizens Community Bancorp, Inc.",9.6,8.9,92.4
CZFS,"Citizens Financial Services, Inc.",4.8,4.5,93.5
CIA,"Citizens, Inc. Class A",50.6,44.7,88.8
CHCO,City Holding Company,14.1,13.8,97.6
CIVB,"Civista Bancshares, Inc.",20.8,20.3,97.7
CTEV,Claritev Corporation Class A,17.0,13.9,53.6
CMTG,"Claros Mortgage Trust, Inc.",140.2,112.6,81.0
CLAR,Clarus Corporation,38.4,29.1,75.0
CLNE,Clean Energy Fuels Corp.,220.2,140.0,64.3
CLSK,"Cleanspark, Inc.",256.6,247.1,96.2
YOU,"Clear Secure, Inc. Class A",100.8,92.8,91.2
CLFD,"Clearfield, Inc.",13.6,11.1,82.9
CLPT,"ClearPoint Neuro, Inc.",30.0,26.6,86.5
CWAN,"Clearwater Analytics Holdings, Inc. Class A",297.3,284.4,95.9
CLW,Clearwater Paper Corporation,16.1,15.2,95.1
CLMB,"Climb Global Solutions, Inc.",18.6,16.2,87.7
CLPR,"Clipper Realty, Inc.",16.1,13.2,82.1
CLOV,Clover Health Investments Corp. Class A,524.7,395.7,74.7
CCNE,CNB Financial Corporation,29.6,28.5,96.5
CNO,"CNO Financial Group, Inc.",93.3,90.5,97.0
CNX,CNX Resources Corporation,141.5,136.1,95.4
CCB,Coastal Financial Corporation,15.2,12.9,84.2
COSO,"CoastalSouth Bancshares, Inc.",12.2,9.0,68.4
CDXS,"Codexis, Inc.",90.9,84.2,96.9
CDE,"Coeur Mining, Inc.","1,034.5","1,028.0",98.4
COGT,"Cogent Biosciences, Inc.",170.9,144.3,83.4
CCOI,Cogent Communications Holdings Inc,50.1,46.7,95.0
CNS,"Cohen & Steers, Inc.",51.4,27.7,53.4
CHRS,"Coherus Oncology, Inc.",154.3,126.2,85.1
COHU,"Cohu, Inc.",47.2,45.6,97.3
COLL,"Collegium Pharmaceutical, Inc.",32.4,31.9,96.7
CBAN,"Colony Bankcorp, Inc.",21.2,19.9,94.1
CLBK,"Columbia Financial, Inc.",104.0,26.2,25.2
CMCO,Columbus McKinnon Corporation,28.7,27.9,97.7
CMRC,"Commerce.com, Inc.",82.5,72.9,85.1
CBK,"Commercial Bancgroup, Inc.",13.7,8.6,57.6
CMC,Commercial Metals Company,110.9,110.0,99.0
CBU,"Community Financial System, Inc.",52.6,52.0,99.2
CYH,"Community Health Systems, Inc.",140.9,116.6,82.8
CHCT,Community Healthcare Trust Incorporated,28.6,26.9,94.0
CTBI,"Community Trust Bancorp, Inc.",18.2,17.7,97.5
CWBC,Community West Bancshares,27.1,23.5,88.0
CVLT,"Commvault Systems, Inc.",41.3,40.6,98.6
CODI,Compass Diversified Holdings,75.2,66.6,88.2
COMP.EQ,Compass Inc Class A,746.1,675.2,87.3
CMP,"Compass Minerals International, Inc.",42.0,32.2,82.4
CMPX,"Compass Therapeutics, Inc.",180.1,120.9,67.1
CIX,CompX International Inc. Class A,12.3,1.5,12.3
CRK,"Comstock Resources, Inc.",293.7,59.1,20.0
CON,"Concentra Group Holdings Parent, Inc.",128.0,114.3,89.3
BBCP,"Concrete Pumping Holdings, Inc. Class A",50.5,20.3,41.4
CNDT,"Conduent, Inc.",155.1,139.0,89.1
CNMD,CONMED Corporation,30.1,29.9,99.2
CNOB,"ConnectOne Bancorp, Inc.",50.3,47.4,94.2
CCSI,"Consensus Cloud Solutions, Inc.",18.4,17.4,96.2
CWCO,Consolidated Water Co. Ltd.,16.0,15.0,93.9
CSTM,Constellium SE Class A,136.2,119.9,89.2
ROAD,"Construction Partners, Inc. Class A",56.5,47.0,82.9
CPSS,"Consumer Portfolio Services, Inc.",21.7,9.2,41.9
CTGO,Contango Silver & Gold Inc.,30.7,27.7,72.8
CPS,Cooper-Standard Holdings Inc.,17.8,16.8,95.1
CDP,COPT Defense Properties,113.4,113.0,99.6
CLB,Core Laboratories Inc.,46.1,45.4,98.3
CMT,"Core Molding Technologies, Inc.",9.2,8.2,90.8
CNR,"Core Natural Resources, Inc.",50.4,49.2,97.8
CORZ,Core Scientific Inc,317.9,301.0,94.3
CXW,"CoreCivic, Inc.",98.9,95.4,97.1
CRMD,CorMedix Inc.,78.4,70.4,90.6
CRSR,"Corsair Gaming, Inc.",106.9,45.8,43.2
CRVL,CorVel Corporation,51.2,28.8,56.0
CRVS,"Corvus Pharmaceuticals, Inc.",84.1,64.1,73.6
CMDB,Costamare Bulkers Holdings Limited,24.2,8.3,35.0
CMRE,Costamare Inc.,120.6,43.7,36.6
COUR,Coursera Inc,286.3,226.8,84.9
CVLG,"Covenant Logistics Group, Inc. Class A",25.1,15.1,58.1
CVSA,Covista Inc.,34.0,33.0,97.7
PMTS,"CPI Card Group, Inc.",11.5,5.6,48.3
CRAI,"CRA International, Inc.",6.5,6.2,96.1
CBRL,"Cracker Barrel Old Country Store, Inc.",22.4,21.9,97.7
CRD.A,Crawford & Company Class A,48.7,15.9,33.1
CRDO,Credo Technology Group Holding Ltd.,184.4,165.7,86.6
CRGY,Crescent Energy Company Class A,330.3,278.8,88.0
CXDO,"Crexendo, Inc.",32.4,18.2,55.5
CRCT,"Cricut, Inc. Class A",209.9,44.6,21.4
CRNX,Crinetics Pharmaceuticals Inc,105.4,98.2,93.2
CRSP,CRISPR Therapeutics AG,96.4,89.5,92.7
CRML,Critical Metals Corp.,122.1,57.7,28.9
CCRN,"Cross Country Healthcare, Inc.",32.3,29.8,93.4
CYRX,"CryoPort, Inc.",50.4,47.9,95.8
LAW,"CS Disco, Inc.",64.1,24.8,41.3
CSGS,"CSG Systems International, Inc.",28.5,27.1,95.3
CSPI,CSP Inc.,10.1,7.1,69.2
CSW,"CSW Industrials, Inc.",16.5,16.2,98.8
CTO,CTO Realty Growth Inc,33.8,32.1,95.6
CTS,CTS Corporation,28.6,28.1,97.8
CGEM,"Cullinan Therapeutics, Inc.",61.5,#N/A,#N/A
CURB,Curbline Properties Corp.,105.5,96.3,91.0
CURI,CuriosityStream Inc Class A,59.3,40.4,68.6
CWK,Cushman & Wakefield Ltd.,234.3,232.6,99.5
CTOS,Custom Truck One Source Inc,227.4,59.4,26.4
CUBI,"Customers Bancorp, Inc.",33.8,31.3,92.5
CVBF,CVB Financial Corp.,176.5,163.7,93.6
CVI,"CVR Energy, Inc.",100.5,29.3,30.0
CVRX,"CVRx, Inc.",26.5,14.7,56.4
CTKB,"Cytek Biosciences, Inc.",129.1,118.2,90.7
CYTK,"Cytokinetics, Incorporated",124.4,120.6,96.9
QBTS,D-Wave Quantum Inc.,369.9,356.4,96.5
DJCO,Daily Journal Corporation,1.4,1.3,89.8
DC,Dakota Gold Corp,133.5,112.7,77.4
DAKT,"Daktronics, Inc.",48.3,42.5,88.9
DAN,Dana Incorporated,109.6,107.9,98.2
DCH,Dauch Corporation,237.4,225.2,93.4
PLAY,"Dave & Buster's Entertainment, Inc.",34.7,33.7,97.7
DAVE,"Dave, Inc. Class A",12.7,9.8,79.0
DH,Definitive Healthcare Corp. Class A,105.5,26.9,28.6
DFTX,"Definium Therapeutics, Inc.",109.1,105.4,95.5
DCTH,"Delcath Systems, Inc.",34.5,31.9,97.1
DK,Delek US Holdings Inc,61.3,59.7,97.1
DLX,Deluxe Corporation,45.8,44.3,97.8
DNLI,Denali Therapeutics Inc.,158.7,141.7,89.3
DSGN,"Design Therapeutics, Inc.",62.5,37.1,55.6
DBI,Designer Brands Inc. Class A,49.6,34.1,69.8
DHT,"DHT Holdings, Inc.",161.0,142.8,84.2
DMAC,DiaMedica Therapeutics Inc.,53.9,27.0,47.9
DRH,DiamondRock Hospitality Company,204.5,201.7,98.9
DNTH,"Dianthus Therapeutics, Inc.",54.7,50.7,87.9
DBD,Diebold Nixdorf Inc,34.6,34.0,98.1
DGII,Digi International Inc.,37.7,36.7,96.9
DMRC,Digimarc Corporation,22.1,16.7,76.0
APPS,"Digital Turbine, Inc.",119.9,106.1,86.5
DBRG,"DigitalBridge Group, Inc. Class A",182.4,180.1,98.7
DOCN,"DigitalOcean Holdings, Inc.",104.4,76.1,73.4
DCOM,"Dime Community Bancshares, Inc.",44.1,42.4,95.7
DIN,"Dine Brands Global, Inc.",12.7,12.0,95.9
DIOD,Diodes Incorporated,45.9,45.2,97.1
IRON,"Disc Medicine, Inc.",38.2,29.0,76.0
DSGR,"Distribution Solutions Group, Inc.",46.2,8.7,18.9
DEC,Diversified Energy Company,72.3,61.6,74.3
DHC,Diversified Healthcare Trust,242.1,217.5,89.8
BOOM,DMC Global Inc.,20.5,18.1,83.9
DNOW,DNOW Inc.,182.5,179.5,98.6
DCGO,DocGo Inc.,98.8,92.3,87.3
DOLE,Dole Plc,95.2,76.4,80.9
DOMO,"Domo, Inc. Class B",45.1,37.7,83.0
DGICA,Donegal Group Inc. Class A,36.4,17.0,46.1
DFIN,"Donnelley Financial Solutions, Inc.",25.0,23.5,93.9
LPG,Dorian LPG Ltd.,42.7,36.5,85.6
DORM,"Dorman Products, Inc.",29.9,26.0,87.3
PLOW,"Douglas Dynamics, Inc.",23.1,22.7,96.8
DOUG,Douglas Elliman Inc.,90.9,70.6,80.8
DEI,"Douglas Emmett, Inc",167.5,162.2,96.9
DFH,"Dream Finders Homes, Inc. Class A",91.5,27.6,31.0
DRVN,"Driven Brands Holdings, Inc.",164.5,58.9,35.4
DCO,Ducommun Incorporated,15.1,14.0,92.9
DXPE,"DXP Enterprises, Inc.",15.5,12.7,81.8
DY,"Dycom Industries, Inc.",30.0,29.6,98.7
DYN,Dyne Therapeutics Inc,165.2,129.4,76.5
DX,"Dynex Capital, Inc.",215.2,213.4,99.0
SSP,E. W. Scripps Company Class A,91.4,52.6,71.6
EBMT,"Eagle Bancorp Montana, Inc.",8.0,7.3,91.7
EGBN,"Eagle Bancorp, Inc.",30.5,28.0,91.6
EFSI,"Eagle Financial Services, Inc.",5.4,4.6,83.3
DEA,Easterly Government Properties Inc,46.4,43.5,93.9
EBC,"Eastern Bankshares, Inc.",231.1,213.6,92.5
EML,Eastern Company,6.0,5.6,91.7
KODK,Eastman Kodak Company,97.6,63.3,68.7
ECBK,"ECB Bancorp, Inc.",8.8,7.2,83.0
ECVT,Ecovyst Inc,109.5,106.9,98.5
EPC,Edgewell Personal Care Co.,46.1,45.4,98.6
EWTX,"Edgewise Therapeutics, Inc.",107.6,77.4,71.6
EDIT,"Editas Medicine, Inc.",97.9,97.4,99.5
EGAN,eGain Corporation,27.4,17.6,64.3
EHTH,"eHealth, Inc.",31.7,28.4,89.8
LOCO,"El Pollo Loco Holdings, Inc.",30.5,28.0,90.8
ELMD,"Electromed, Inc.",8.3,6.9,79.0
ELDN,"Eledon Pharmaceuticals, Inc.",75.9,71.9,94.7
EFC,Ellington Financial Inc.,125.4,122.6,97.4
EMBC,Embecta Corporation,59.3,54.5,93.1
EEX,"Emerald Holding, Inc.",197.9,11.7,6.0
EBS,Emergent BioSolutions Inc.,51.6,48.7,96.0
EP,Empire Petroleum Corporation,36.8,24.0,73.4
ESRT,"Empire State Realty Trust, Inc. Class A",172.4,141.2,81.8
EIG,"Employers Holdings, Inc.",18.2,17.7,98.0
ACT,Enact Holdings Inc,139.6,27.5,19.8
ENTA,"Enanta Pharmaceuticals, Inc.",29.0,27.5,93.4
ECPG,"Encore Capital Group, Inc.",21.4,20.4,96.0
*EU,enCore Energy Corp.,194.2,190.5,97.5
ENR,"Energizer Holdings, Inc.",68.5,60.6,89.6
*EFR,Energy Fuels Inc.,249.9,245.9,98.1
ERII,"Energy Recovery, Inc.",51.5,50.1,97.0
ESOA,Energy Services of America Corporation,18.7,14.8,69.7
EPAC,Enerpac Tool Group Corp Class A,51.5,50.7,98.6
ENS,EnerSys,36.9,36.3,98.4
EHAB,"Enhabit, Inc",51.2,44.5,87.1
ELVN,"Enliven Therapeutics, Inc.",60.9,44.9,72.7
EBF,"Ennis, Inc.",25.3,24.3,95.9
ENVA,Enova International Inc,24.9,23.6,94.2
ENOV,Enovis Corporation,57.6,56.5,97.9
ENVX,Enovix Corporation,217.2,188.2,87.1
NPO,Enpro Inc.,21.1,21.0,99.2
ENSG,"Ensign Group, Inc.",58.4,56.3,96.5
EFSC,Enterprise Financial Services Corp,36.6,35.9,98.0
TRDA,Entrada Therapeutics Inc,38.8,21.8,56.4
EVC,Entravision Communications Corporation Class A,92.0,61.5,69.9
ELA,Envela Corporation,26.0,6.7,25.8
NVRI,Enviri Corporation,82.7,77.0,93.7
EOSE,"Eos Energy Enterprises, Inc. Class A",339.5,333.2,97.9
PLUS,ePlus inc.,26.4,25.9,97.8
EPSN,Epsilon Energy Ltd.,30.2,20.6,57.4
EQBK,"Equity Bancshares, Inc. Class A",20.6,16.8,78.7
ERAS,"Erasca, Inc.",311.0,186.9,56.3
ZGN,Ermenegildo Zegna N.V.,268.3,72.3,24.6
ESCA,"Escalade, Incorporated",13.8,8.7,61.0
ESE,ESCO Technologies Inc.,25.9,25.8,99.5
ESPR,"Esperion Therapeutics, Inc.",257.4,246.5,96.0
ESQ,"Esquire Financial Holdings, Inc.",8.6,7.2,84.4
ESNT,Essent Group Ltd.,92.2,88.7,96.5
EPRT,"Essential Properties Realty Trust, Inc.",216.2,215.0,99.4
ETD,Ethan Allen Interiors Inc.,25.4,23.2,90.7
ETON,"Eton Pharmaceuticals, Inc.",27.4,23.2,85.2
EVEX,"Eve Holding, Inc.",348.3,94.2,27.0
EVCM,"EverCommerce, Inc.",177.0,11.1,6.6
EFOR,"Everforth, Inc.",41.0,39.3,95.5
EVER,"EverQuote, Inc. Class A",35.4,27.0,76.6
EVTC,"EVERTEC, Inc.",61.6,60.3,98.5
EVGO,"EVgo, Inc. Class A",141.1,133.1,94.6
EVI,"EVI Industries, Inc.",12.9,6.2,39.1
EVH,Evolent Health Inc Class A,112.5,102.8,92.3
EOLS,"Evolus, Inc.",65.9,48.4,74.6
EPM,Evolution Petroleum Corporation,35.0,31.3,90.0
EVLV,"Evolv Technologies Holdings, Inc.",179.9,166.1,92.3
EVMN,"Evommune, Inc.",36.0,20.2,50.9
EE,"Excelerate Energy, Inc. Class A",32.1,31.1,97.6
AGNT,"eXp World Holdings, Inc.",164.3,95.3,57.9
EXFY,"Expensify, Inc. Class A",96.4,59.3,65.3
EXPO,"Exponent, Inc.",48.5,48.0,98.9
XPRO,Expro Group Holdings N.V.,113.4,112.2,99.2
EXTR,"Extreme Networks, Inc.",130.8,126.7,97.0
XZO,"Exzeo Group, Inc.",90.9,12.5,13.7
EYPT,"EyePoint, Inc.",83.8,73.6,88.0
FG,F&G Annuities & Life Inc,132.5,129.0,97.5
FN,Fabrinet,35.8,35.7,99.6
FBYD,"Falcon's Beyond Global, Inc. Class A",48.9,25.4,23.2
FFAI,"Faraday Future Intelligent Electric, Inc.",303.6,283.9,93.1
FMAO,"Farmers & Merchants Bancorp, Inc.",13.8,13.2,95.9
FMNB,Farmers National Banc Corp.,59.3,57.9,95.5
FPI,Farmland Partners Inc,43.6,40.2,92.0
FSLY,"Fastly, Inc. Class A",156.5,143.0,92.1
FATE,"Fate Therapeutics, Inc.",116.3,110.8,95.1
FBLA,"FB Bancorp, Inc.",17.2,14.5,79.4
FBK,FB Financial Corporation,51.5,43.2,84.5
AGM,Federal Agricultural Mortgage Corporation Class C,10.8,9.1,84.2
FSS,Federal Signal Corporation,61.0,59.5,97.6
*FRX,Fennec Pharmaceuticals Inc.,34.5,29.5,86.2
GSM,Ferroglobe PLC,186.9,117.1,63.2
FDBC,"Fidelity D & D Bancorp, Inc.",5.8,4.5,81.3
FIGS,"FIGS, Inc. Class A",166.4,150.8,90.2
FOA,"Finance of America Cos., Inc. Class A",16.6,5.4,26.9
FISI,"Financial Institutions, Inc.",19.7,19.2,97.4
FNWD,Finward Bancorp,4.3,3.8,80.3
FINW,FinWise Bancorp,13.7,9.3,68.1
FLY,"Firefly Aerospace, Inc.",160.2,86.8,56.2
FA,First Advantage Corp.,171.5,79.2,45.4
FBNC,First Bancorp,41.4,40.5,96.3
FBP,First Bancorp,154.7,150.9,97.7
FNLC,"First Bancorp, Inc.",11.3,9.8,87.3
FRBA,First Bank,25.1,22.8,90.1
BUSE,First Busey Corporation,84.6,80.7,95.7
FBIZ,"First Business Financial Services, Inc.",8.4,7.7,92.2
FCAP,"First Capital, Inc.",3.3,3.2,95.6
FCF,First Commonwealth Financial Corporation,101.7,99.7,97.8
FCBC,First Community Bankshares Inc,18.9,16.0,84.0
FCCO,First Community Corporation,9.4,8.4,93.3
FFBC,First Financial Bancorp.,104.9,103.7,98.8
FFIN,First Financial Bankshares Inc,143.3,138.0,96.4
THFF,First Financial Corporation,11.9,11.3,94.9
INBK,First Internet Bancorp,8.7,7.3,89.8
FIBK,"First Interstate BancSystem, Inc.",97.1,84.6,87.4
FRME,First Merchants Corporation,63.0,61.7,98.4
FMBH,"First Mid Bancshares, Inc.",26.6,23.6,89.0
FXNC,First National Corporation,9.0,7.7,84.8
TRAX,First Tracks Biotherapeutics Inc,#N/A,#N/A,#N/A
FUNC,First United Corporation,6.4,5.9,94.9
FWRG,"First Watch Restaurant Group, Inc.",61.6,60.3,88.4
MYFW,"First Western Financial, Inc.",9.7,8.0,82.6
FCFS,"FirstCash Holdings, Inc.",43.8,38.4,88.0
FSUN,FirstSun Capital Bancorp,44.1,21.8,49.9
FTLF,"FitLife Brands, Inc.",9.4,8.0,84.9
FSBC,Five Star Bancorp,21.4,15.2,70.9
FIVN,"Five9, Inc.",76.6,73.5,97.4
FLG,"Flagstar Bank, National Association",416.8,301.4,72.5
FLNG,FLEX LNG Ltd,54.1,30.9,57.1
FLXS,"Flexsteel Industries, Inc.",5.4,3.4,67.1
FTK,"Flotek Industries, Inc.",36.2,20.2,46.6
FLOC,Flowco Holdings Inc Class A,41.8,34.6,25.7
FLNC,"Fluence Energy, Inc. Class A",132.4,97.1,53.3
FLR,Fluor Corporation,139.7,137.4,98.4
FFIC,Flushing Financial Corporation,33.9,32.1,93.2
FLYW,Flywire Corp.,123.4,111.7,92.5
FHTX,"Foghorn Therapeutics, Inc.",58.7,31.7,48.5
AFRI,Forafric Global PLC,26.9,5.4,20.3
FOR,Forestar Group Inc.,51.0,19.2,37.4
FORM,"FormFactor, Inc.",78.0,77.3,99.0
FORR,"Forrester Research, Inc.",19.4,11.6,59.3
FTRE,Fortrea Holdings Inc.,94.6,94.0,99.5
FET,"Forum Energy Technologies, Inc.",11.3,9.9,87.6
FWRD,Forward Air Corporation,31.6,21.5,68.1
FCPT,"Four Corners Property Trust, Inc.",109.7,108.3,98.8
FOXF,Fox Factory Holding Corp.,41.9,41.5,98.9
FBRT,"Franklin BSP Realty Trust, Inc.",77.0,75.2,98.2
FC,Franklin Covey Co.,11.3,9.2,83.9
FELE,"Franklin Electric Co., Inc.",44.2,41.0,85.7
FRAF,Franklin Financial Services Corporation,4.5,4.2,93.2
FSP,Franklin Street Properties Corp.,103.7,85.2,80.7
FEIM,"Frequency Electronics, Inc.",9.8,8.7,87.4
FDP,Fresh Del Monte Produce Inc.,47.6,38.8,82.0
FRSH,"Freshworks, Inc. Class A",287.4,201.0,70.5
FRD,"Friedman Industries, Incorporated",7.1,6.7,95.0
FTDR,"Frontdoor, Inc.",70.2,69.7,99.4
ULCC,"Frontier Group Holdings, Inc.",229.8,85.9,37.3
FVR,"FrontView REIT, Inc.",22.7,21.4,87.7
FRPH,FRP Holdings Inc,19.2,14.3,76.9
FSBW,"FS Bancorp, Inc.",7.4,6.3,85.1
FIP,FTAI Infrastructure Incorporation,118.2,108.4,91.6
FUBO,FuboTV Inc. Class A,29.4,28.7,95.6
FULC,"Fulcrum Therapeutics, Inc.",66.6,56.8,85.1
FLGT,"Fulgent Genetics, Inc.",28.4,18.3,64.6
FULT,Fulton Financial Corporation,191.1,188.8,98.8
FNKO,"Funko, Inc. Class A",55.8,39.9,71.2
FF,FutureFuel Corp.,43.9,26.1,59.5
FVCB,"FVCBankcorp, Inc.",18.0,14.9,82.1
GIII,"G-III Apparel Group, Ltd.",42.2,35.7,88.3
GAIA,"Gaia, Inc. Class A",25.3,18.1,70.7
GAMB,Gambling.com Group Ltd,35.1,20.6,56.2
GTX,Garrett Motion Inc,187.2,169.8,89.7
GATX,GATX Corporation,35.5,35.1,98.8
GBFH,GBank Financial Holdings Inc,14.5,9.1,64.0
GCMG,"GCM Grosvenor, Inc. Class A",60.8,59.0,97.3
GNK,Genco Shipping & Trading Ltd,43.6,31.9,73.5
GENC,"Gencor Industries, Inc.",14.7,8.7,69.6
WGS,GeneDx Holdings Corp. Class A,29.7,26.0,87.7
GCO,Genesco Inc.,10.9,9.4,91.1
GNE,Genie Energy Ltd. Class B,26.4,12.3,45.3
GENI,Genius Sports Limited,257.5,231.2,91.6
THRM,Gentherm Incorporated,30.7,30.0,97.5
GNW,"Genworth Financial, Inc.",383.0,374.0,97.9
GEO,GEO Group Inc,133.6,127.1,94.9
GABC,"German American Bancorp, Inc.",37.6,36.3,95.4
GERN,Geron Corporation,641.5,609.0,94.9
GETY,"Getty Images Holdings, Inc. Class A",419.0,85.5,21.1
GTY,Getty Realty Corp.,60.5,56.7,93.5
GEVO,"Gevo, Inc.",243.4,232.9,95.2
ROCK,"Gibraltar Industries, Inc.",29.7,29.3,99.0
GCT,"GigaCloud Technology, Inc. Class A",36.5,26.5,70.3
DNA,"Ginkgo Bioworks Holdings, Inc. Class A",58.3,43.6,74.4
GBCI,"Glacier Bancorp, Inc.",130.1,129.5,99.5
GOOD,Gladstone Commercial Corporation,48.7,47.8,98.1
LAND,Gladstone Land Corp.,43.1,40.5,93.2
GKOS,Glaukos Corp,58.7,56.1,95.8
GBTG,"Global Business Travel Group, Inc. Class A",521.5,239.4,45.2
GIC,Global Industrial Company,38.3,7.8,21.1
GNL,Global Net Lease Inc,211.9,188.5,89.2
GWRS,"Global Water Resources, Inc.",28.8,13.6,47.4
GSAT,"Globalstar, Inc.",128.6,51.9,39.6
GOGO,Gogo Inc.,135.2,77.3,57.3
GOCO,GoHealth Inc Class A,16.2,11.8,72.8
GLNG,Golar LNG Limited,101.6,85.2,84.6
GOLD,"Gold.com, Inc.",28.5,18.2,74.3
GT,Goodyear Tire & Rubber Company,287.4,275.7,96.1
GSHD,"Goosehead Insurance, Inc. Class A",23.7,21.2,94.5
GRC,Gorman-Rupp Company,26.4,20.8,78.6
GOSS,"Gossamer Bio, Inc.",234.7,205.4,79.7
GPGI,"GPGI, Inc. Class A",289.9,181.8,53.4
GHM,Graham Corporation,11.1,10.4,94.3
GHC,Graham Holdings Co. Class B,4.3,3.2,73.9
GRAL,GRAIL Inc,42.9,38.9,89.8
GVA,Granite Construction Incorporated,43.7,43.3,99.0
GRNT,"Granite Ridge Resources, Inc.",131.9,64.1,48.5
GTN,"Gray Media, Inc.",102.8,86.3,83.9
GSBC,"Great Southern Bancorp, Inc.",10.9,7.4,69.1
GRBK,"Green Brick Partners, Inc.",43.1,39.6,91.9
GDOT,Green Dot Corporation Class A,56.7,50.5,87.9
GPRE,Green Plains Inc.,70.0,67.6,96.8
GBX,"Greenbrier Companies, Inc.",30.9,30.0,97.5
GCBC,"Greene County Bancorp, Inc.",17.0,6.9,40.6
GLRE,"Greenlight Capital Re, Ltd. Class A",33.2,24.6,75.2
GLSI,"Greenwich LifeSciences, Inc.",13.9,6.6,45.0
GEF,Greif Inc Class A,57.1,23.9,43.9
GEF.B,Greif Inc Class B,57.1,0.4,0.6
GDYN,"Grid Dynamics Holdings, Inc. Class A",83.6,63.8,77.2
GFF,Griffon Corporation,45.9,38.0,83.8
GRND,Grindr Inc.,177.7,32.8,16.8
GO,Grocery Outlet Holding Corp.,98.2,90.7,94.3
GPI,"Group 1 Automotive, Inc.",11.9,11.5,96.7
GRPN,"Groupon, Inc.",38.0,22.9,61.6
GH,"Guardant Health, Inc.",132.6,127.5,96.3
GRDN,"Guardian Pharmacy Services, Inc. Class A",63.3,24.2,35.5
GPOR,Gulfport Energy Corp,18.0,17.7,98.8
GYRE,Gyre Therapeutics Inc,97.0,13.2,12.9
FUL,H.B. Fuller Company,54.5,54.2,99.5
HTO,H2O America,41.8,39.0,92.2
HASI,"HA Sustainable Infrastructure Capital, Inc.",127.8,125.8,98.4
HCKT,"Hackett Group, Inc.",25.2,22.1,88.6
HAE,Haemonetics Corporation,46.5,45.8,#N/A
HAIN,"Hain Celestial Group, Inc.",90.3,87.7,98.2
HNRG,Hallador Energy Co,47.1,35.2,73.6
HBB,Hamilton Beach Brands Holding Co. Class A,13.6,5.1,38.6
HG,"Hamilton Insurance Group, Ltd. Class B",99.3,62.3,60.3
HWC,Hancock Whitney Corporation,81.2,80.4,99.0
HAFC,Hanmi Financial Corporation,29.8,29.1,98.0
HNVR,Hanover Bancorp Inc,7.2,4.1,58.3
HLIT,Harmonic Inc.,110.2,108.1,98.3
HRMY,"Harmony Biosciences Holdings, Inc.",57.9,50.5,87.0
HROW,"Harrow, Inc.",37.3,31.1,83.8
HVT,"Haverty Furniture Companies, Inc.",16.2,13.5,82.1
HE,"Hawaiian Electric Industries, Inc.",172.6,172.2,99.8
HWKN,"Hawkins, Inc.",20.9,19.2,91.6
HWBK,"Hawthorn Bancshares, Inc.",6.9,6.2,89.8
HBT,"HBT Financial, Inc.",36.4,17.3,39.2
HCI,"HCI Group, Inc.",12.8,10.9,85.7
HCAT,"Health Catalyst, Inc.",73.9,63.8,88.2
HCSG,"Healthcare Services Group, Inc.",68.6,67.8,98.9
HQY,HealthEquity Inc,84.5,82.2,97.6
HSTM,"HealthStream, Inc.",29.2,23.2,83.3
HTFL,"HeartFlow, Inc.",85.8,62.8,61.1
HTLD,"Heartland Express, Inc.",77.5,51.5,66.5
HL,Hecla Mining Company,670.7,665.2,98.7
HELE,Helen of Troy Limited,23.3,22.7,98.2
HLIO,"Helios Technologies, Inc.",33.0,32.7,99.1
HLX,"Helix Energy Solutions Group, Inc.",147.3,137.3,93.2
HP,"Helmerich & Payne, Inc.",99.9,95.8,96.0
HLF,Herbalife Ltd.,103.7,100.7,97.2
HRI,"Herc Holdings, Inc.",33.4,32.7,97.9
HFWA,Heritage Financial Corporation,41.2,40.6,98.3
HRTG,"Heritage Insurance Holdings, Inc.",30.3,24.3,79.5
HRTX,Heron Therapeutics Inc,189.3,186.2,98.5
HTZ,Hertz Global Holdings Inc,315.8,299.8,95.8
HFFG,"HF Foods Group, Inc.",53.5,37.1,70.6
HPK,HighPeak Energy Inc,126.4,21.7,17.4
HLMN,Hillman Solutions Corp.,196.2,192.7,98.8
HTH,Hilltop Holdings Inc.,58.5,39.3,67.7
HGV,"Hilton Grand Vacations, Inc.",79.8,60.2,76.7
BN957G,Himalaya Shipping Ltd.,47.0,26.9,#N/A
HIMS,"Hims & Hers Health, Inc. Class A",227.9,206.3,90.9
HIFS,Hingham Institution for Savings,2.2,1.8,81.5
HIPO,Hippo Holdings Inc,26.0,18.0,70.9
HQI,"HireQuest, Inc.",13.9,5.5,38.6
HNI,HNI Corporation,72.0,70.9,98.3
HLLY,Holley Inc.,120.4,76.5,63.7
HBCP,"Home Bancorp, Inc.",7.8,6.9,85.7
HOMB,"Home BancShares, Inc.",201.4,188.2,93.9
HTB,"HomeTrust Bancshares, Inc.",16.8,15.1,90.2
HNST,"Honest Company, Inc.",110.1,96.9,85.1
HOPE,"Hope Bancorp, Inc.",127.8,124.1,95.1
HMN,Horace Mann Educators Corporation,40.4,40.1,98.7
HBNC,"Horizon Bancorp, Inc.",51.3,50.2,97.9
HOV,"Hovnanian Enterprises, Inc. Class A",5.9,4.6,74.7
HUBG,"Hub Group, Inc. Class A",61.2,59.0,97.1
HPP,"Hudson Pacific Properties, Inc.",54.2,53.4,98.5
HDSN,"Hudson Technologies, Inc.",42.1,36.9,88.3
HUMA,"Humacyte, Inc.",222.0,201.9,85.0
HURN,Huron Consulting Group Inc.,16.2,15.8,97.9
*HUT,Hut 8 Corp.,112.6,101.7,#N/A
HYLN,Hyliion Holdings Corp. Class A,178.3,123.5,68.0
HY,"Hyster-Yale, Inc. Class A",17.9,9.6,53.7
IIIV,"i3 Verticals, Inc. Class A",22.1,20.9,94.9
IBEX,IBEX Ltd,13.4,10.7,80.0
IBTA,"Ibotta, Inc. Class A",23.8,9.5,44.5
ICFI,"ICF International, Inc.",18.1,17.8,98.5
ICHR,"Ichor Holdings, Ltd.",34.8,34.2,96.9
ICUI,"ICU Medical, Inc.",25.0,24.5,96.9
IDR,Idaho Strategic Resources Inc,15.8,14.9,94.5
IDYA,"IDEAYA Biosciences, Inc.",87.9,82.6,94.1
IDT,IDT Corporation Class B,25.1,20.4,80.7
IESC,"IES Holdings, Inc.",19.9,19.5,97.6
IHRT,"iHeartMedia, Inc. Class A",151.2,113.6,77.6
IMAX,IMAX Corporation,54.9,44.6,80.8
IMMR,Immersion Corporation,33.1,27.1,88.2
IBRX,ImmunityBio Inc,"1,047.4",376.1,33.6
IMNM,"Immunome, Inc.",113.3,102.8,90.5
IMVT,Immunovant Inc,203.5,83.1,40.9
PI,"Impinj, Inc.",30.5,29.5,97.0
IRT,"Independence Realty Trust, Inc.",235.7,233.9,99.2
INDB,Independent Bank Corp.,48.2,47.6,98.4
IBCP,Independent Bank Corporation,20.6,19.6,95.4
INDI,"indie Semiconductor, Inc. Class A",226.9,208.2,91.3
INDV,"Indivior Pharmaceuticals, Inc.",124.8,116.2,88.2
ILPT,Industrial Logistics Properties Trust,66.7,55.1,82.6
INR,"Infinity Natural Resources, Inc. Class A",18.8,3.5,98.9
III,"Information Services Group, Inc.",47.8,33.4,70.9
NGVT,Ingevity Corporation,34.8,34.3,98.5
IMKTA,"Ingles Markets, Incorporated Class A",18.6,14.5,77.8
IKT,"Inhibikase Therapeutics, Inc.",132.0,102.9,75.4
INBX,"Inhibrx Biosciences, Inc.",14.6,10.2,70.0
INMB,"INmune Bio, Inc.",26.6,22.1,83.0
INOD,Innodata Inc.,32.7,31.0,94.8
IOSP,Innospec Inc.,24.6,24.2,98.6
INNV,InnovAge Holding Corp.,135.7,21.4,15.3
IIPR,Innovative Industrial Properties Inc,28.8,28.2,98.3
INVX,"Innovex International, Inc.",68.8,45.0,55.0
INVA,"Innoviva, Inc.",73.8,72.9,98.8
INV,"Innventure, Inc.",80.1,49.8,51.7
INGN,"Inogen, Inc.",27.1,26.3,87.9
INSG,Inseego Corp.,16.3,15.5,93.5
NSIT,"Insight Enterprises, Inc.",30.2,29.8,98.5
NSP,"Insperity, Inc.",38.2,35.8,94.8
INSE,"Inspired Entertainment, Inc.",26.7,24.6,92.8
IBP,"Installed Building Products, Inc.",26.9,23.2,84.9
IIIN,"Insteel Industries, Inc.",19.4,18.5,95.0
INTA,"Intapp, Inc.",77.1,69.1,90.4
ITGR,Integer Holdings Corporation,34.0,33.5,99.0
IART,Integra LifeSciences Holdings Corporation,77.8,66.5,85.6
NTLA,"Intellia Therapeutics, Inc.",139.7,132.3,95.1
IDCC,"InterDigital, Inc.",25.8,25.3,98.0
TILE,"Interface, Inc.",58.1,56.5,97.5
IBOC,International Bancshares Corporation,62.2,56.2,90.3
IMXI,"International Money Express, Inc.",30.1,27.7,93.1
INSW,"International Seaways, Inc.",49.5,40.9,98.4
IPAR,"Interparfums, Inc.",32.0,18.1,56.4
IPI,"Intrepid Potash, Inc.",13.4,10.8,80.8
LUNR,"Intuitive Machines, Inc. Class A",160.0,117.1,93.3
IVT,InvenTrust Properties Corp,77.9,77.2,99.3
IVR,Invesco Mortgage Capital Inc.,92.8,92.6,99.6
ISTR,Investar Holding Corp,13.8,12.1,89.0
ITIC,Investors Title Company,1.9,1.4,72.4
IONQ,"IonQ, Inc.",373.3,364.0,97.4
IOVA,Iovance Biotherapeutics Inc,446.5,383.0,85.3
IRMD,IRadimed Corp.,12.8,8.3,63.9
IRTC,"iRhythm Holdings, Inc.",32.9,32.2,98.4
IRWD,"Ironwood Pharmaceuticals, Inc. Class A",164.6,157.9,96.4
ISPR,"Ispire Technology, Inc.",57.4,19.5,33.3
ITRI,"Itron, Inc.",44.3,43.6,98.7
IE,Ivanhoe Electric Inc.,158.3,122.3,75.8
JJSF,J & J Snack Foods Corp.,18.8,14.6,78.6
JILL,"J.Jill, Inc.",14.9,6.6,44.6
JACK,Jack in the Box Inc.,19.0,16.9,90.3
JXN,Jackson Financial Incorporation Class A,69.7,68.1,97.3
JBIO,"Jade Biosciences, Inc.",49.4,41.4,82.6
JAKK,"JAKKS Pacific, Inc.",11.4,9.1,79.7
JRVR,"James River Group Holdings, Inc.",46.2,36.0,79.6
JBI,"Janus International Group, Inc.",136.4,129.0,95.4
JANX,"Janux Therapeutics, Inc.",61.0,55.7,87.0
JBGS,JBG SMITH Properties,58.3,57.9,99.5
JBTM,JBT Marel Corporation,52.1,51.2,98.4
JCAP,"Jefferson Capital, Inc.",61.7,24.8,23.2
JELD,"JELD-WEN Holding, Inc.",86.2,84.8,97.6
JBLU,JetBlue Airways Corporation,372.0,298.7,80.8
JOBY,"Joby Aviation, Inc.",983.6,628.5,61.1
JBSS,"John B. Sanfilippo & Son, Inc.",11.7,8.8,65.3
JMSB,"John Marshall Bancorp, Inc.",14.1,12.3,87.0
WLY,"John Wiley & Sons, Inc. Class A",51.3,39.7,77.8
JOUT,Johnson Outdoors Inc. Class A,10.3,8.2,81.5
JYNT,Joint Corp.,14.3,12.1,85.6
DERM,Journey Medical Corp.,27.3,13.4,49.1
KAI,Kadant Inc.,11.8,11.7,98.9
KALU,Kaiser Aluminum Corporation,16.3,15.9,97.5
KLTR,"Kaltura, Inc.",150.4,73.6,52.5
KALV,"KalVista Pharmaceuticals, Inc.",51.3,37.9,73.6
KRT,"Karat Packaging, Inc.",20.0,8.5,43.2
KBH,KB Home,62.6,59.8,95.5
KRNY,Kearny Financial Corp.,64.7,57.5,87.7
KELYA,"Kelly Services, Inc. Class A",34.2,29.1,85.2
KMT,Kennametal Inc.,76.2,74.2,98.2
KW,"Kennedy-Wilson Holdings, Inc.",139.3,120.5,86.8
KROS,"Keros Therapeutics, Inc.",19.8,18.1,95.0
KMTS,Kestra Medical Technologies Ltd.,58.4,23.9,32.9
KG,Kestrel Group Ltd,7.8,4.6,95.2
KFRC,Kforce Inc.,17.8,16.5,92.7
KE,"Kimball Electronics, Inc.",24.0,23.6,98.7
KLC,KinderCare Learning Companies Inc,118.4,30.5,26.7
KNTK,Kinetik Holdings Inc. Class A,68.8,45.9,67.2
KINS,Kingstone Companies Incorporated,14.5,11.1,77.0
KFS,Kingsway Financial Services Inc,28.9,21.0,72.6
KRG,Kite Realty Group Trust,203.1,199.9,98.5
KREF,"KKR Real Estate Finance Trust, Inc.",64.7,52.4,81.6
KNF,Knife River Corporation,56.8,56.5,99.5
KN,Knowles Corp.,85.6,83.6,97.4
KGS,"Kodiak Gas Services, Inc.",88.8,87.9,99.2
KOD,"Kodiak Sciences, Inc.",62.6,57.9,92.9
KSS,Kohl's Corporation,112.3,107.0,96.2
*KEI,Kolibri Global Energy Inc,35.5,30.7,#N/A
KTB,"Kontoor Brands, Inc.",55.3,54.2,98.4
KOPN,Kopin Corporation,182.9,169.9,92.9
KOP,Koppers Holdings Inc.,19.2,18.1,94.9
KFY,Korn Ferry,51.9,51.2,98.6
KRRO,"Korro Bio, Inc.",14.4,8.8,56.9
KRMD,"KORU Medical Systems, Inc.",45.9,42.4,94.3
KOS,Kosmos Energy Ltd.,593.2,569.9,96.0
KTOS,"Kratos Defense & Security Solutions, Inc.",187.5,184.2,98.0
DNUT,"Krispy Kreme, Inc.",172.4,90.5,52.0
KRO,"Kronos Worldwide, Inc.",115.1,21.5,18.7
KRYS,"Krystal Biotech, Inc.",29.5,25.6,86.7
KLIC,"Kulicke & Soffa Industries, Inc.",52.3,50.5,96.6
KULR,KULR Technology Group Inc,46.3,42.6,93.8
KURA,"Kura Oncology, Inc.",88.8,86.5,97.1
KRUS,"Kura Sushi USA, Inc. Class A",12.1,7.3,52.4
KYMR,"Kymera Therapeutics, Inc.",82.3,70.9,85.6
FSTR,L. B. Foster Company,10.5,9.6,91.7
LZB,La-Z-Boy Incorporated,40.9,40.1,98.7
LADR,Ladder Capital Corp. Class A,127.7,111.5,88.1
LKFN,Lakeland Financial Corporation,24.9,24.0,96.8
LAKE,"Lakeland Industries, Inc.",9.8,8.4,85.8
LARK,"Landmark Bancorp, Inc.",6.1,4.9,80.5
LE,"Lands' End, Inc.",30.8,9.6,28.1
LNTH,Lantheus Holdings Inc,65.1,62.8,96.4
LRMR,"Larimar Therapeutics, Inc.",104.1,50.2,54.4
SWIM,Latham Group Inc,117.4,49.8,42.3
LAUR,"Laureate Education, Inc.",140.0,129.7,84.7
LBRX,"LB Pharmaceuticals, Inc.",28.7,21.3,74.3
LCII,LCI Industries,24.3,23.3,95.8
LCNB,LCNB Corp.,14.2,13.3,93.2
LEGH,Legacy Housing Corporation,23.8,8.7,36.7
LZ,"LegalZoom.com, Inc.",171.6,112.5,67.2
LGN,Legence Corp. Class A,108.0,46.6,32.1
LEG,"Leggett & Platt, Incorporated",136.4,132.9,97.5
LMAT,"LeMaitre Vascular, Inc.",22.9,21.2,91.8
LMND,Lemonade Inc,76.8,66.7,89.6
LC,LendingClub Corp,115.4,111.5,97.0
TREE,"LendingTree, Inc.",14.0,11.3,81.4
LNSR,LENSAR Inc,12.1,9.5,81.2
LENZ,"LENZ Therapeutics, Inc.",31.4,27.7,88.5
LXEO,"Lexeo Therapeutics, Inc.",78.5,62.7,84.4
LGIH,"LGI Homes, Inc.",23.2,20.3,87.2
LBRT,"Liberty Energy, Inc. Class A",163.2,159.7,96.3
LILA,Liberty Latin America Ltd. Class A,200.1,33.8,16.4
LILAK,Liberty Latin America Ltd. Class C,200.1,127.1,64.4
LTH,"Life Time Group Holdings, Inc.",222.6,157.6,69.0
LIF,"Life360, Inc.",81.0,78.2,96.7
LFCR,"Lifecore Biomedical, Inc.",37.5,34.4,91.5
LFMD,"LifeMD, Inc.",48.4,39.9,81.9
LFST,"Lifestance Health Group, Inc.",387.8,183.4,41.2
LFVN,LifeVantage Corporation,12.6,10.5,80.3
LWAY,"Lifeway Foods, Inc.",15.1,5.6,36.4
LZM,Lifezone Metals Limited,89.9,38.2,38.4
LGND,Ligand Pharmaceuticals Incorporated,20.0,19.5,97.6
LTBR,Lightbridge Corporation,35.1,33.1,94.0
LMB,"Limbach Holdings, Inc.",11.9,10.7,90.2
LMNR,Limoneira Company,18.1,16.3,91.1
LINC,Lincoln Educational Services Corporation,31.7,29.4,92.5
LIND,"Lindblad Expeditions Holdings, Inc.",65.6,48.9,68.4
LNN,Lindsay Corporation,10.4,10.3,99.0
LION,Lionsgate Studios Corp.,290.2,197.1,12.2
LQDA,Liquidia Corporation,88.9,70.2,81.6
LQDT,"Liquidity Services, Inc.",31.2,23.5,75.9
LIVN,LivaNova Plc,54.9,54.7,99.7
LOB,"Live Oak Bancshares, Inc.",46.3,35.9,76.8
RAMP,"LiveRamp Holdings, Inc.",63.1,60.9,97.0
LVWR,"LiveWire Group, Inc.",204.8,12.0,5.0
LDI,"loanDepot, Inc. Class A",126.4,59.8,2.6
LOVE,Lovesac Company,14.6,13.0,89.6
LXU,"LSB Industries, Inc.",71.9,54.4,69.3
LYTS,LSI Industries Inc.,36.7,34.9,87.4
LTC,"LTC Properties, Inc.",51.2,50.0,97.9
LUCD,Lucid Diagnostics Inc.,177.3,133.8,70.4
LUMN,"Lumen Technologies, Inc.","1,030.3",946.2,91.9
LFT,"Lument Finance Trust, Inc.",52.4,33.0,63.0
LMRI,"Lumexa Imaging Holdings, Inc.",96.1,25.3,25.2
LXFR,Luxfer Holdings PLC,27.0,26.5,98.6
LXP,LXP Industrial Trust,59.0,57.2,97.3
MPTI,M-tron Industries Inc,3.6,3.3,91.0
MHO,"M/I Homes, Inc.",25.6,24.8,97.6
MAC,Macerich Company,261.4,259.8,99.4
MSGE,Madison Square Garden Entertainment Corp.,47.3,38.6,82.0
MDGL,"Madrigal Pharmaceuticals, Inc.",23.1,20.9,91.0
MAGN,Magnera Corporation,35.8,35.4,96.8
MGNI,"Magnite, Inc.",143.2,139.3,97.8
MGY,Magnolia Oil & Gas Corp. Class A,184.9,181.0,94.6
MNSB,"MainStreet Bancshares, Inc.",7.1,5.6,80.0
MBUU,"Malibu Boats, Inc. Class A",18.6,18.1,95.4
MAMA,"Mama's Creations, Inc.",40.7,36.3,89.6
TUSK,"Mammoth Energy Services, Inc.",48.2,46.9,97.3
MTW,"Manitowoc Company, Inc.",35.9,32.8,91.6
MNKD,MannKind Corporation,309.0,296.1,95.8
MPLT,"MapLight Therapeutics, Inc.",42.4,7.9,31.5
MARA,"MARA Holdings, Inc.",381.3,372.3,98.3
MRVI,"Maravai Lifesciences Holdings, Inc. Class A",146.4,104.6,71.1
MMI,"Marcus & Millichap, Inc.",37.8,22.4,60.1
MCS,Marcus Corporation,30.0,22.0,73.5
MRX,Marex Group plc,71.9,59.8,74.8
MPX,Marine Products Corporation,34.2,10.7,25.0
HZO,"MarineMax, Inc.",22.0,19.5,88.8
MKTW,"MarketWise, Inc. Class A",2.6,1.8,68.8
MQ,"Marqeta, Inc. Class A",424.0,344.7,82.0
VAC,Marriott Vacations Worldwide Corporation,34.3,31.3,91.8
MRTN,"Marten Transport, Ltd.",81.6,57.6,70.6
MZTI,Marzetti Company,27.4,19.1,69.9
MBC,MasterBrand Inc,128.0,124.7,98.8
MCFT,"Mastercraft Boat Holdings, Inc.",16.3,15.8,96.1
MTRN,Materion Corporation,20.8,20.4,98.2
MATV,"Mativ Holdings, Inc.",55.1,53.9,98.3
MTRX,Matrix Service Company,28.1,26.3,93.9
MATX,"Matson, Inc.",30.3,29.5,97.7
MATW,Matthews International Corporation Class A,31.2,28.7,95.1
MLP,"Maui Land & Pineapple Company, Inc.",19.9,6.5,35.8
MXCT,"MaxCyte, Inc.",106.9,98.9,92.5
MMS,"MAXIMUS, Inc.",52.5,51.6,98.7
MXL,"MaxLinear, Inc.",89.5,84.2,93.2
MEC,"Mayville Engineering Company, Inc.",20.5,14.4,71.3
MAZE,"Maze Therapeutics, Inc.",55.3,33.7,55.2
MBI,MBIA Inc.,50.9,45.1,89.5
MBX,"MBX Biosciences, Inc.",47.6,29.5,59.1
MGRC,McGrath RentCorp,24.6,24.2,98.7
MH,"McGraw Hill, Inc.",191.0,24.9,#N/A
MCHB,Mechanics Bancorp. Class A,231.4,35.4,15.3
MFIN,Medallion Financial Corp.,23.9,14.3,61.6
MAX,"MediaAlpha, Inc. Class A",54.1,28.6,55.1
MED,"Medifast, Inc.",11.1,10.5,96.7
MDWD,MediWound Ltd.,12.8,9.6,68.8
MGTX,MeiraGTx Holdings Plc,92.6,66.6,72.4
MBWM,Mercantile Bank Corporation,17.3,16.6,95.9
MBIN,Merchants Bancorp,45.9,21.1,45.1
MCY,Mercury General Corporation,55.4,26.5,48.0
MRCY,"Mercury Systems, Inc.",60.0,59.0,98.3
MRBK,Meridian Corporation,11.9,9.1,77.4
MRDN,Meridian Holdings Inc.,12.6,2.1,9.8
MMSI,"Merit Medical Systems, Inc.",59.7,58.2,97.6
MTH,Meritage Homes Corporation,66.7,64.6,97.5
MLAB,"Mesa Laboratories, Inc.",5.5,5.3,97.4
MTUS,Metallus Inc.,41.6,35.3,85.1
MEI,"Methode Electronics, Inc.",35.4,34.0,92.7
MCBS,"MetroCity Bankshares, Inc.",28.7,22.2,77.7
MCB,Metropolitan Bank Holding Corp.,12.5,10.9,85.7
MFA,"MFA Financial, Inc.",101.6,99.5,99.1
MGEE,"MGE Energy, Inc.",36.8,36.6,99.7
MGPI,"MGP Ingredients, Inc.",21.4,14.4,67.6
MIAX,"Miami International Holdings, Inc.",94.9,85.7,89.6
MVST,"Microvast Holdings, Inc.",333.2,207.8,62.2
MVIS,"MicroVision, Inc.",327.0,322.2,98.7
MPB,"Mid Penn Bancorp, Inc.",25.3,20.8,81.8
MSEX,Middlesex Water Company,18.6,17.6,94.6
MSBI,"Midland States Bancorp, Inc.",20.7,18.9,93.3
MLR,"Miller Industries, Inc.",11.4,10.8,95.6
MLKN,"MillerKnoll, Inc.",68.4,67.1,98.7
MDXG,"MiMedx Group, Inc.",148.9,116.3,78.8
MTX,Minerals Technologies Inc.,31.0,30.6,98.7
MLYS,"Mineralys Therapeutics, Inc.",82.5,61.4,74.5
MIR,"Mirion Technologies, Inc. Class A",250.5,236.0,94.3
MIRM,"Mirum Pharmaceuticals, Inc.",61.0,50.6,82.0
AVO,"Mission Produce, Inc.",70.8,39.5,61.1
MCW,"Mister Car Wash, Inc.",328.9,101.7,30.8
MG,"Mistras Group, Inc.",31.8,17.7,56.3
MITK,"Mitek Systems, Inc.",45.2,43.5,96.7
BEEP,Mobile Infrastructure Corp,41.2,36.6,90.3
MOD,Modine Manufacturing Company,52.7,51.8,98.0
MDV,Modiv Industrial Inc. Class C,10.3,9.5,91.4
MC,Moelis & Co. Class A,74.4,73.6,99.0
MCRI,"Monarch Casino & Resort, Inc.",17.7,11.9,68.4
MNPR,Monopar Therapeutics Inc,6.7,4.3,63.7
MNRO,"Monro, Inc.",30.0,23.7,96.6
MNTK,"Montauk Renewables, Inc.",142.3,43.2,30.1
GLUE,"Monte Rosa Therapeutics, Inc.",84.5,57.2,58.2
MOG.A,Moog Inc. Class A,31.7,27.8,87.8
MPAA,"Motorcar Parts of America, Inc.",19.2,15.0,89.9
MOV,"Movado Group, Inc.",22.1,14.5,66.8
MWA,"Mueller Water Products, Inc. Class A",156.5,154.7,98.3
MUR,Murphy Oil Corporation,143.4,134.9,93.3
MVBF,MVB Financial Corp.,12.8,11.6,90.4
MYE,"Myers Industries, Inc.",37.6,36.8,98.0
MYO,"Myomo, Inc.",38.6,35.5,92.7
MYRG,MYR Group Inc.,15.6,15.3,98.2
MYGN,"Myriad Genetics, Inc.",94.4,88.0,95.2
NABL,"N-able, Inc.",188.4,68.9,35.7
NBR,Nabors Industries Ltd.,14.8,14.1,95.8
NC,"NACCO Industries, Inc. Class A",7.5,3.6,51.9
NNE,Nano Nuclear Energy Inc.,52.1,42.3,68.9
NNOX,NANO-X IMAGING LTD,69.6,69.1,99.5
NSSC,"NAPCO Security Technologies, Inc.",35.7,34.4,95.6
NATH,"Nathan's Famous, Inc.",4.1,2.9,69.9
NBHC,National Bank Holdings Corporation Class A,44.8,42.3,97.9
NKSH,"National Bankshares, Inc.",6.4,6.2,96.8
FIZZ,National Beverage Corp.,93.6,23.7,25.3
NCMI,"National CineMedia, Inc.",93.8,65.1,69.9
NESR,National Energy Services Reunited Corp.,100.8,83.8,85.5
NHI,"National Health Investors, Inc.",48.5,47.3,95.4
NHC,National HealthCare Corporation,15.6,11.6,73.9
NPK,"National Presto Industries, Inc.",7.2,5.2,73.2
EYE,"National Vision Holdings, Inc.",79.4,77.4,97.8
NGS,"Natural Gas Services Group, Inc.",12.6,11.5,86.2
NGVC,"Natural Grocers by Vitamin Cottage, Inc.",23.0,9.6,41.1
NATR,"Nature's Sunshine Products, Inc.",17.6,16.1,91.4
NAVN,"Navan, Inc. Class A",250.8,71.8,25.0
NAVI,Navient Corp,94.0,91.3,97.3
NVGS,Navigator Holdings Ltd.,65.3,36.1,43.4
NVTS,Navitas Semiconductor Corporation,233.7,210.9,82.3
NBBK,"NB Bancorp, Inc.",41.5,36.5,86.6
NBTB,NBT Bancorp Inc.,52.0,50.8,98.0
NATL,NCR Atleos Corporation,73.8,71.9,97.9
VYX,NCR Voyix Corporation,137.8,136.5,99.2
NNI,"Nelnet, Inc. Class A",36.0,16.2,45.2
NEOG,Neogen Corp,217.7,215.8,99.6
NEO,"NeoGenomics, Inc.",130.2,127.9,98.6
NEON,Neonode Inc.,16.8,13.1,77.8
NRDS,"NerdWallet, Inc. Class A",66.8,31.6,51.3
NRDY,"Nerdy, Inc. Class A",124.2,47.3,30.2
NLOP,Net Lease Office Properties,14.8,14.7,99.3
NPWR,NET Power Inc. Class A,84.7,80.7,96.9
NTGR,"NETGEAR, Inc.",26.8,25.4,94.6
NTCT,"NetScout Systems, Inc.",72.2,69.6,#N/A
NTST,NETSTREIT Corp.,97.3,96.1,99.0
NGNE,Neurogene Inc.,15.8,12.5,79.8
STIM,"Neuronetics, Inc.",69.6,25.8,56.3
NPCE,"NeuroPace, Inc.",34.1,25.8,75.2
NFE,New Fortress Energy Inc. Class A,285.6,190.2,66.9
NJR,New Jersey Resources Corporation,100.9,100.3,99.4
NMRK,"Newmark Group, Inc. Class A",177.6,148.3,83.6
NMAX,Newsmax Inc. Class B,129.1,65.8,51.0
NEWT,"NewtekOne, Inc.",28.9,24.9,86.4
NXDT,NexPoint Diversified Real Estate Trust,50.2,42.4,83.5
NREF,"NexPoint Real Estate Finance, Inc.",18.7,16.9,93.5
NXRT,"NexPoint Residential Trust, Inc.",25.5,20.7,82.0
NEXT,NextDecade Corp.,265.0,147.6,54.8
NXDR,"Nextdoor Holdings, Inc. Class A",381.4,223.4,61.2
NN,NextNav Inc.,136.0,77.1,57.3
NXXT,"NextNRG, Inc.",156.7,50.4,32.2
NXT,Nextpower Inc. Class A,148.5,146.4,#N/A
NEXN,Nexxen International Ltd.,55.7,32.6,54.3
NODK,"NI Holdings, Inc.",20.5,6.6,31.7
NAGE,"Niagen Bioscience, Inc.",79.6,52.6,66.0
NIC,"Nicolet Bankshares, Inc.",21.3,19.4,88.1
NB,NioCorp Developments Ltd.,145.3,142.0,93.4
NKTX,"Nkarta, Inc.",71.5,54.2,75.8
NL,"NL Industries, Inc.",48.9,8.3,17.0
LASR,"nLIGHT, Inc.",56.4,52.7,92.6
NMIH,"NMI Holdings, Inc.",76.0,74.3,98.0
NE,Noble Corporation PLC Class A,159.5,127.2,79.0
NAT,Nordic American Tankers Limited,211.8,200.6,100.0
NBN,Northeast Bank,8.0,8.0,100.0
NECB,NorthEast Community Bancorp Inc,13.8,13.3,96.4
NOG,"Northern Oil and Gas, Inc.",105.8,102.5,97.0
NFBK,"Northfield Bancorp, Inc.",41.8,39.8,95.0
NPB,"Northpointe Bancshares, Inc.",34.5,17.7,51.2
NRIM,"Northrim BanCorp, Inc.",22.2,21.6,97.3
NWBI,"Northwest Bancshares, Inc.",146.3,139.2,95.1
NWN,Northwest Natural Holding Co.,42.1,41.6,99.1
NWE,"NorthWestern Energy Group, Inc.",61.5,61.1,99.2
NWFL,Norwood Financial Corp.,10.9,9.9,90.1
*NG,Novagold Resources Inc,438.8,329.8,#N/A
NOVT,Novanta Inc,35.6,35.3,99.1
NVAX,"Novavax, Inc.",164.4,156.3,95.3
NVCR,NovoCure Ltd.,115.8,103.5,90.0
NPKI,NPK International Inc.,84.4,80.2,94.6
NRC,NRC Health,22.5,12.9,51.7
NUS,"Nu Skin Enterprises, Inc. Class A",48.6,47.4,97.6
NRIX,"Nurix Therapeutics, Inc.",103.4,97.3,98.5
SMR,NuScale Power Corporation Class A,323.7,312.8,56.8
NUTX,Nutex Health Inc,6.9,4.7,72.1
NUVL,"Nuvalent, Inc. Class A",79.0,52.1,66.1
NUVB,"Nuvation Bio, Inc. Class A",349.2,245.8,69.9
NVCT,"Nuvectis Pharma, Inc.",26.5,15.5,57.4
NVEC,NVE Corporation,4.8,4.8,98.7
NWPX,NWPX Infrastructure Inc.,9.6,9.3,97.0
OI,O-I Glass Inc,153.3,150.8,97.6
OVLY,Oak Valley Bancorp,8.4,6.9,81.9
OII,"Oceaneering International, Inc.",99.7,98.2,97.8
OCFC,OceanFirst Financial Corp.,57.6,55.5,96.7
OSG,"Octave Specialty Group, Inc.",45.0,42.4,93.6
OCUL,Ocular Therapeutix Inc,219.0,198.0,90.7
OFG,OFG Bancorp,42.3,41.8,98.9
OVBC,Ohio Valley Banc Corp.,4.7,3.7,81.3
OIS,"Oil States International, Inc.",60.2,55.4,92.4
ODC,Oil-Dri Corporation of America,13.4,9.7,72.5
OKLO,Oklo Inc. Class A,174.0,142.6,78.7
OLPX,"Olaplex Holdings, Inc.",672.0,129.2,19.7
ONB,Old National Bancorp,386.4,342.5,88.3
OSBC,"Old Second Bancorp, Inc.",51.4,48.5,94.4
OLMA,"Olema Pharmaceuticals, Inc.",87.3,69.3,78.5
OMDA,"Omada Health, Inc.",59.4,24.6,40.7
OFLX,"Omega Flex, Inc.",10.1,3.5,34.8
OMER,Omeros Corporation,72.0,69.2,96.2
OABI,"OmniAb, Inc.",144.8,118.0,81.5
OMCL,"Omnicell, Inc.",45.5,44.5,97.0
TOI,"Oncology Institute, Inc.",100.0,57.4,70.8
OGS,"ONE Gas, Inc.",62.8,62.1,99.0
OLP,"One Liberty Properties, Inc.",21.8,15.5,71.6
OSPN,OneSpan Inc.,37.1,36.2,97.8
OSW,OneSpaWorld Holdings Ltd.,101.5,97.4,96.1
ONEW,OneWater Marine Inc Class A,16.6,11.3,67.8
ONIT,Onity Group Inc.,8.4,6.8,81.3
ONT,"Onterris, Inc.",36.1,33.0,91.2
OOMA,Ooma Inc,27.5,23.7,87.9
OPBK,OP Bancorp,14.9,11.9,79.5
OPAL,OPAL Fuels Inc. Class A,29.0,16.6,61.2
LPRO,Open Lending Corporation,118.2,102.0,85.9
OPLN,"OPENLANE, Inc.",105.9,104.6,99.0
OPK,"OPKO Health, Inc.",755.1,377.3,50.9
OPRT,Oportun Financial Corp.,45.7,37.7,83.6
OPFI,"OppFi, Inc.",85.4,23.1,29.7
OPRX,OptimizeRx Corporation,18.8,16.4,83.2
OPTU,"Optimum Communications, Inc. Class A",470.4,255.5,54.2
OPCH,Option Care Health Inc,157.0,154.4,98.6
OBT,"Orange County Bancorp, Inc.",13.4,11.2,84.1
OSUR,"OraSure Technologies, Inc.",68.8,64.2,94.3
ORC,"Orchid Island Capital, Inc.",200.7,200.3,99.8
ORGO,"Organogenesis Holdings, Inc. Class A",128.7,55.8,46.5
ORIC,"Oric Pharmaceuticals, Inc.",103.5,60.1,56.7
OBK,"Origin Bancorp, Inc.",30.9,28.2,90.5
ORN,"Orion Group Holdings, Inc.",40.5,38.2,94.2
OEC,Orion S.A.,56.4,54.1,96.6
ORA,"Ormat Technologies, Inc.",61.5,58.2,99.8
ORRF,"Orrstown Financial Services, Inc.",19.6,18.7,94.9
OFIX,"Orthofix Medical, Inc.",40.4,39.2,98.0
KIDS,OrthoPediatrics Corp.,25.7,17.0,66.7
ORKA,"Oruka Therapeutics, Inc.",59.9,50.3,84.7
OSCR,"Oscar Health, Inc. Class A",301.1,239.1,81.2
OSIS,"OSI Systems, Inc.",16.5,15.5,93.9
OTTR,Otter Tail Corporation,42.0,38.2,90.8
OUST,"Ouster, Inc.",63.7,59.1,92.8
POWW,Outdoor Holding Company,117.3,87.8,75.0
OUT,OUTFRONT Media Inc.,176.1,156.8,89.1
OM,"Outset Medical, Inc.",18.5,17.8,95.8
OXM,"Oxford Industries, Inc.",14.9,13.8,92.6
PACB,"Pacific Biosciences of California, Inc.",310.6,280.8,89.7
PCRX,"Pacira Biosciences, Inc.",39.3,37.7,97.7
PACS,"PACS Group, Inc.",158.3,42.4,26.5
PGY,Pagaya Technologies Ltd Class A,82.8,62.7,75.1
PD,"PagerDuty, Inc.",85.0,78.8,92.9
PAGS,PagSeguro Digital Ltd. Class A,291.0,159.7,56.7
PDYN,Palladyne AI Corp.,47.2,34.3,69.4
PLMR,"Palomar Holdings, Inc.",26.5,25.9,97.7
PVLA,"Palvella Therapeutics, Inc.",14.3,10.3,67.8
PAMT,PAMT Corp,20.9,4.8,22.7
PANL,Pangaea Logistics Solutions Ltd.,65.4,34.9,46.1
PZZA,"Papa John's International, Inc.",32.9,32.3,98.7
PARR,Par Pacific Holdings Inc,50.1,48.5,96.9
PAR,PAR Technology Corporation,41.2,40.7,98.6
PKE,Park Aerospace Corp.,19.9,17.3,86.8
PRK,Park National Corporation,18.1,17.7,97.2
PKOH,Park-Ohio Holdings Corp.,14.4,9.6,67.0
PKBK,"Parke Bancorp, Inc.",11.7,9.9,84.5
CASH,"Pathward Financial, Inc.",21.1,20.8,98.6
PAX,Patria Investments Ltd. Class A,161.4,59.1,37.9
PATK,"Patrick Industries, Inc.",32.9,31.5,95.9
PNBK,"Patriot National Bancorp, Inc.",117.1,82.2,69.1
PTEN,"Patterson-UTI Energy, Inc.",379.6,364.0,90.1
PAYO,Payoneer Global Inc.,334.8,253.4,77.1
PSFE,Paysafe Ltd,51.3,22.0,52.5
PAYS,"Paysign, Inc.",55.2,42.7,63.7
PBF,"PBF Energy, Inc. Class A",118.3,96.9,71.1
CNXN,"PC Connection, Inc.",25.2,10.9,36.3
PCB,PCB Bancorp,14.2,10.5,77.6
PDFS,"PDF Solutions, Inc.",39.9,32.1,80.2
BTU,Peabody Energy Corporation,121.8,114.0,93.6
PGC,Peapack-Gladstone Financial Corporation,17.7,15.2,85.2
PEB,Pebblebrook Hotel Trust,113.4,110.5,97.5
MD,"Pediatrix Medical Group, Inc.",82.1,80.6,98.4
PLGO,Pelagos Insurance Capital Limited,#N/A,#N/A,50.4
PTON,"Peloton Interactive, Inc. Class A",425.5,398.6,93.7
PENG,Penguin Solutions Incorporation,50.7,48.5,96.9
PNTG,Pennant Group Inc,34.8,33.0,95.2
PFSI,"PennyMac Financial Services, Inc.",51.9,34.1,64.9
PMT,PennyMac Mortgage Investment Trust,87.2,85.8,98.9
PEBO,Peoples Bancorp Inc.,35.9,34.7,96.6
PEBK,"Peoples Bancorp of North Carolina, Inc.",5.5,4.5,82.2
PFIS,Peoples Financial Services Corp.,10.0,9.2,91.8
PRDO,Perdoceo Education Corporation,62.7,61.0,97.4
PWP,Perella Weinberg Partners Class A,71.0,67.4,94.9
PRM,Perimeter Solutions Inc,163.1,148.2,95.0
PESI,"Perma-Fix Environmental Services, Inc.",18.6,17.2,92.6
PPTA,Perpetua Resources Corp.,125.1,116.3,92.9
PSNL,"Personalis, Inc.",104.7,62.0,59.4
CATX,"Perspective Therapeutics, Inc.",114.0,92.6,81.9
WOOF,"Petco Health & Wellness Company, Inc. Class A",284.4,143.8,49.3
PHAT,"Phathom Pharmaceuticals, Inc.",79.8,50.0,57.3
PAHC,Phibro Animal Health Corporation Class A,40.2,20.4,49.9
PECO,"Phillips Edison & Company, Inc.",126.0,125.3,99.4
PHIN,PHINIA Inc.,37.0,36.2,97.8
PXED,"Phoenix Education Partners, Inc.",35.8,5.1,#N/A
PLAB,"Photronics, Inc.",59.0,56.6,95.8
PHR,"Phreesia, Inc.",60.8,46.1,90.6
PDM,Piedmont Realty Trust Inc Class A,125.0,123.5,99.0
PBFS,"Pioneer Bancorp, Inc.",25.1,10.3,41.1
PIPR,Piper Sandler Companies,71.0,68.6,96.9
PBI,Pitney Bowes Inc.,135.4,134.6,98.8
PJT,"PJT Partners, Inc. Class A",25.8,23.9,92.6
PL,Planet Labs PBC Class A,346.1,266.3,76.3
MYPS,"PLAYSTUDIOS, Inc. Class A",128.3,91.4,71.2
PLTK,Playtika Holding Corp.,380.4,74.8,20.2
PLXS,Plexus Corp.,26.8,26.4,98.4
PLUG,Plug Power Inc.,"1,395.1","1,331.7",95.5
PLBC,Plumas Bancorp,7.0,6.4,91.5
PII,Polaris Inc.,56.9,53.2,93.4
PDLB,Ponce Financial Group Inc,24.2,19.2,80.6
PRCH,"Porch Group, Inc.",109.4,85.4,66.7
PTLO,"Portillo's, Inc. Class A",72.4,68.7,96.5
POR,Portland General Electric Company,115.7,115.2,99.5
PSTL,"Postal Realty Trust, Inc. Class A",27.7,26.0,93.8
POWL,"Powell Industries, Inc.",36.4,27.5,77.5
POWI,"Power Integrations, Inc.",55.7,54.4,97.9
PSIX,"Power Solutions International, Inc.",23.1,8.5,37.0
AIOT,"PowerFleet, Inc.",134.1,124.8,93.6
PRAA,"PRA Group, Inc.",38.1,36.9,97.4
PROP,Prairie Operating Co.,97.3,39.1,45.1
PRAX,"Praxis Precision Medicines, Inc.",27.9,26.2,93.6
PGEN,Precigen Inc,353.9,153.8,41.9
PFBC,Preferred Bank,13.4,13.4,100.0
PLPC,Preformed Line Products Company,4.9,2.7,54.2
PBH,Prestige Consumer Healthcare Inc,47.3,46.6,98.5
PSMT,"PriceSmart, Inc.",30.9,25.6,82.6
PRME,"Prime Medicine, Inc.",180.6,94.5,52.3
PNRG,PrimeEnergy Resources Corporation,1.6,0.8,42.9
FRST,Primis Financial Corp.,24.8,20.7,80.5
PRIM,Primoris Services Corporation,54.3,53.6,99.1
BPRN,"Princeton Bancorp, Inc.",6.8,4.8,71.5
PRTH,"Priority Technology Holdings, Inc.",82.4,28.9,35.1
PRVA,"Privia Health Group, Inc.",126.0,117.7,93.3
PDEX,"Pro-Dex, Inc.",3.2,2.0,64.0
PRA,ProAssurance Corporation,51.6,50.7,98.4
PRCT,PROCEPT BioRobotics Corp.,56.9,54.4,96.3
PAL,"Proficient Auto Logistics, Inc.",27.7,24.2,87.0
ACDC,ProFrac Holding Corp. Class A,180.9,29.1,16.5
PRG,"PROG Holdings, Inc.",40.1,39.1,96.9
PRGS,Progress Software Corporation,42.1,41.2,98.0
PGNY,"Progyny, Inc.",78.3,70.0,83.9
PUMP,ProPetro Holding Corp.,122.6,96.6,75.6
PTGX,"Protagonist Therapeutics, Inc.",64.3,60.6,94.2
PLX,"Protalix Biotherapeutics, Inc.",80.6,72.1,89.4
TARA,"Protara Therapeutics, Inc.",55.1,50.2,91.2
PRTA,Prothena Corp. Plc,52.4,42.1,80.6
PRLB,"Proto Labs, Inc.",23.8,23.5,98.5
PFS,"Provident Financial Services, Inc.",123.1,115.9,94.2
PTCT,"PTC Therapeutics, Inc.",82.9,79.9,96.3
PPHC,"Public Policy Holding Co., Inc.",25.2,16.5,68.1
PUBM,"PubMatic, Inc. Class A",46.4,37.8,81.7
LUNG,Pulmonx Corp.,42.2,36.5,86.9
PLSE,"Pulse Biosciences, Inc.",68.2,18.0,26.0
PBYI,"Puma Biotechnology, Inc.",50.9,38.5,75.8
PCYO,Pure Cycle Corporation,24.1,22.2,96.1
PCT,PureCycle Technologies Inc,180.9,175.8,97.3
PRSU,"Pursuit Attractions and Hospitality, Inc.",27.3,20.0,73.8
QTWO,"Q2 Holdings, Inc.",62.6,60.5,97.1
QCRH,"QCR Holdings, Inc.",16.5,16.0,96.1
QUAD,"Quad/Graphics, Inc. Class A",51.6,29.4,55.2
KWR,Quaker Houghton,17.4,13.6,78.0
QLYS,"Qualys, Inc.",35.2,34.8,98.7
NX,Quanex Building Products Corporation,45.9,45.1,99.0
QTRX,Quanterix Corporation,47.1,38.4,81.6
QUBT,Quantum Computing Inc.,225.5,197.8,87.8
QSI,Quantum-Si Incorporated Class A,216.4,168.7,79.2
QDEL,QuidelOrtho Corporation,68.2,67.5,99.0
QNST,"QuinStreet, Inc.",57.0,52.1,91.9
RXT,"Rackspace Technology, Inc.",249.2,99.1,39.5
RDN,Radian Group Inc.,133.0,131.0,98.5
RLGT,"Radiant Logistics, Inc.",46.8,35.6,76.2
RDNT,"RadNet, Inc.",78.6,70.2,89.7
METC,"Ramaco Resources, Inc. Class A",65.7,45.8,62.1
RMBS,Rambus Inc.,108.1,107.2,99.3
RNGR,"Ranger Energy Services, Inc. Class A",23.8,18.5,76.7
PACK,Ranpak Holdings Corp Class A,85.5,73.2,85.6
RPD,Rapid7 Inc.,66.8,64.7,97.0
RAPP,"Rapport Therapeutics, Inc.",47.8,29.9,61.3
RYAM,Rayonier Advanced Materials Inc,67.4,60.6,95.0
RBB,RBB Bancorp,16.9,13.9,93.7
RICK,"RCI Hospitality Holdings, Inc.",7.7,6.6,91.7
RCMT,"RCM Technologies, Inc.",7.1,4.5,65.2
RMAX,"RE/MAX Holdings, Inc. Class A",20.1,15.3,82.8
RC,Ready Capital Corporation,165.2,146.9,90.0
REAX,Real Brokerage Inc.,213.5,154.2,72.1
REAL,"RealReal, Inc.",120.5,108.5,88.3
RXRX,"Recursion Pharmaceuticals, Inc. Class A",530.8,469.1,87.3
RCAT,Red Cat Holdings Inc,122.7,107.7,87.9
RRBI,"Red River Bancshares, Inc.",6.6,4.7,71.3
RRR,"Red Rock Resorts, Inc. Class A",58.5,46.5,79.8
RDVT,"Red Violet, Inc.",14.1,11.1,78.6
RDW,Redwire Corp,198.9,187.6,30.7
RWT,"Redwood Trust, Inc.",125.2,123.2,98.5
RGNX,"REGENXBIO, Inc.",51.6,46.1,90.1
RM,Regional Management Corp.,9.2,8.4,91.1
RLAY,"Relay Therapeutics, Inc.",191.6,142.6,73.4
RELY,"Remitly Global, Inc.",210.6,176.4,79.5
RNST,Renasant Corporation,92.3,90.4,98.0
RPAY,Repay Holdings Corp. Class A,82.8,64.2,79.2
REPL,"Replimune Group, Inc.",82.6,76.1,81.5
TRAK,"ReposiTrak, Inc.",18.2,12.1,65.1
RBCAA,"Republic Bancorp, Inc. Class A",19.4,8.7,42.2
RSVR,"Reservoir Media, Inc.",65.6,32.7,51.2
REZI,"Resideo Technologies, Inc.",151.4,132.4,87.8
RHLD,"Resolute Holdings Management, Inc.",8.3,4.0,49.0
RGP,"Resources Connection, Inc.",34.3,31.5,96.1
RVLV,"Revolve Group, Inc Class A",71.6,41.1,56.9
REX,REX American Resources Corporation,32.9,29.0,88.1
RZLT,"Rezolute, Inc.",96.3,84.0,86.1
RZLV,Rezolve AI PLC,398.8,234.1,57.7
RGCO,"RGC Resources, Inc.",10.4,8.3,79.7
RBKB,"Rhinebeck Bancorp, Inc.",11.2,4.5,40.5
RYTM,"Rhythm Pharmaceuticals, Inc.",68.5,64.0,93.4
RBBN,"Ribbon Communications, Inc.",176.1,143.0,81.4
RELL,"Richardson Electronics, Ltd.",14.4,12.1,84.1
RMBI,"Richmond Mutual Bancorporation, Inc.",10.5,8.2,77.8
RR,Richtech Robotics Inc. Class B,223.6,181.7,76.2
RPC,"Ridgepost Capital, Inc. Class A",109.5,56.1,53.6
RIGL,"Rigel Pharmaceuticals, Inc.",18.5,17.9,97.4
RGTI,"Rigetti Computing, Inc.",332.4,325.1,97.8
REPX,Riley Exploration Permian Inc,21.7,14.9,48.9
RMNI,Rimini Street Inc Class A,92.6,47.6,51.7
RIOT,"Riot Platforms, Inc.",378.2,348.3,92.8
RPT,Rithm Property Trust Inc,7.8,7.8,98.8
RVSB,"Riverview Bancorp, Inc.",20.7,19.9,95.8
RLJ,RLJ Lodging Trust,151.9,132.1,80.8
RMR,"RMR Group, Inc. Class A",17.1,15.4,90.6
RCKT,"Rocket Pharmaceuticals, Inc.",109.2,102.6,94.3
RCKY,"Rocky Brands, Inc.",7.5,7.3,96.5
ROG,Rogers Corporation,17.8,17.7,98.9
ROOT,"Root, Inc. Class A",15.8,10.7,69.7
RES,"RPC, Inc.",221.6,109.1,44.5
RUM,"Rumble, Inc. Class A",339.4,108.2,32.4
RUSHA,"Rush Enterprises, Inc. Class A",78.3,60.0,77.5
RUSHB,"Rush Enterprises, Inc. Class B",78.3,9.0,10.7
RSI,"Rush Street Interactive, Inc. Class A",103.8,100.1,96.5
RXO,"RXO, Inc.",164.9,163.6,97.9
RXST,"RxSight, Inc.",41.4,38.7,93.6
RYZ,Ryerson Holding Corporation,51.9,39.7,83.6
RHP,"Ryman Hospitality Properties, Inc.",63.1,61.1,97.0
STBA,"S&T Bancorp, Inc.",36.0,35.5,98.7
SOC,Sable Offshore Corp.,154.4,131.1,84.6
SBRA,"Sabra Health Care REIT, Inc.",252.2,247.2,98.2
SABR,Sabre Corporation,395.3,316.7,93.1
SB,"Safe Bulkers, Inc.",102.2,53.3,49.6
SAFE,Safehold Inc.,71.6,49.5,69.2
SAFT,"Safety Insurance Group, Inc.",14.7,14.4,98.0
SBH,"Sally Beauty Holdings, Inc.",95.4,94.1,99.1
SANA,"Sana Biotechnology, Inc.",278.3,173.1,62.3
SMTI,"Sanara MedTech, Inc.",9.2,3.9,34.6
SD,"SandRidge Energy, Inc.",36.9,31.3,84.9
SANM,Sanmina Corporation,53.6,52.1,96.6
SNWV,"Sanuwave Health, Inc.",8.6,8.1,94.0
SATL,Satellogic Inc. Class A,143.1,92.6,62.8
BFS,"Saul Centers, Inc.",24.5,13.2,53.5
SVRA,"Savara, Inc.",204.9,105.2,51.2
SVV,Savers Value Village Inc.,154.0,37.7,24.7
SBFG,SB Financial Group Inc,6.3,5.6,89.5
SBC,SBC Medical Group Holdings Incorporated,102.6,11.2,3.2
SCSC,"ScanSource, Inc.",20.3,19.8,91.8
SRRK,Scholar Rock Holding Corp.,119.8,96.4,78.4
SCHL,Scholastic Corporation,21.7,16.7,81.3
SDGR,"Schrodinger, Inc.",74.7,63.1,85.1
STNG,Scorpio Tankers Inc.,51.8,44.9,87.2
SBCF,Seacoast Banking Corporation of Florida,97.2,95.5,98.3
SMHI,SEACOR Marine Holdings Inc.,27.1,20.4,75.7
BMYS6T,Seadrill Limited,#N/A,#N/A,#N/A
SEG,Seaport Entertainment Group Inc.,12.8,11.5,97.3
SNFCA,Security National Financial Corporation Class A,24.8,16.1,64.9
SEM,Select Medical Holdings Corporation,124.0,106.5,86.0
WTTR,"Select Water Solutions, Inc. Class A",121.8,107.9,87.7
SIGI,"Selective Insurance Group, Inc.",59.9,59.3,99.1
SLQT,SelectQuote Inc,176.3,137.3,79.1
SLS,"SELLAS Life Sciences Group, Inc.",186.0,183.7,99.0
SMTC,Semtech Corporation,93.1,92.6,99.4
SENEA,Seneca Foods Corporation Class A,6.8,4.6,67.1
SXT,Sensient Technologies Corporation,42.6,42.0,98.5
SEPN,"Septerna, Inc.",45.1,27.2,60.2
SERV,Serve Robotics Inc,77.4,67.7,87.2
SVC,Service Properties Trust,647.2,642.1,91.2
SFBS,ServisFirst Bancshares Inc,54.7,51.1,93.3
SEVN,Seven Hills Realty Trust,22.6,21.8,96.6
SEZL,Sezzle Inc.,33.6,16.4,49.5
SFL,SFL Corporation Limited,144.6,106.9,73.9
SHAK,"Shake Shack, Inc. Class A",40.3,38.3,95.3
SHEN,Shenandoah Telecommunications Company,55.3,49.3,89.1
SHLS,"Shoals Technologies Group, Inc. Class A",167.8,166.0,98.2
SCVL,"Shoe Carnival, Inc.",27.5,17.9,65.3
SHBI,"Shore Bancshares, Inc.",33.5,30.3,90.5
SI,"Shoulder Innovations, Inc.",20.6,11.1,49.6
SSTK,"Shutterstock, Inc.",36.7,24.9,68.1
SIBN,"SI-BONE, Inc.",44.3,41.9,95.2
SIEB,Siebert Financial Corp.,40.9,14.9,36.8
BSRR,Sierra Bancorp,13.1,11.6,88.9
SIGA,SIGA Technologies Inc,71.7,40.6,56.7
SGHT,"Sight Sciences, Inc.",54.4,32.4,55.2
SIG,Signet Jewelers Limited,40.1,38.3,95.9
SILA,"Sila Realty Trust, Inc.",55.2,54.6,99.0
SLAB,Silicon Laboratories Inc.,33.0,32.2,97.7
SVCO,"Silvaco Group, Inc.",32.7,11.7,30.7
SAMG,Silvercrest Asset Management Group Inc. Class A,7.7,7.3,95.6
SFNC,Simmons First National Corporation Class A,145.1,143.1,98.6
SMPL,Simply Good Foods Co,90.5,82.1,91.6
SLP,"Simulations Plus, Inc.",20.2,16.7,80.9
SBGI,"Sinclair, Inc. Class A",72.2,41.8,56.7
SION,"Sionna Therapeutics, Inc.",45.2,25.9,55.0
SPNT,SiriusPoint Ltd,117.5,102.9,88.4
SITC,SITE Centers Corp.,52.5,49.8,94.8
SITM,SiTime Corporation,26.4,21.8,82.7
FUN,Six Flags Entertainment Corporation,102.2,99.3,97.0
SKIL,Skillsoft Corp Class A,8.8,4.4,51.3
SKIN,SkinHealth Systems Inc. Class A,129.6,78.6,60.4
SKYH,Sky Harbour Group Corp. Class A,34.1,21.1,62.7
SKWD,"Skyward Specialty Insurance Group, Inc.",40.5,37.1,92.4
SKYT,SkyWater Technology Inc,49.2,36.3,72.2
SKYW,"SkyWest, Inc",39.7,39.0,97.9
SKYX,SKYX Platforms Corp.,134.1,89.0,60.7
SLG,SL Green Realty Corp.,77.0,71.0,93.5
SNBR,Sleep Number Corporation,23.0,18.6,72.4
SLDE,"Slide Insurance Holdings, Inc.",114.6,69.3,57.4
SM,SM Energy Company,239.7,237.8,98.3
SMBK,"SmartFinancial, Inc.",17.1,15.0,87.0
SMA,"SmartStop Self Storage REIT, Inc.",55.4,55.3,99.9
SWBI,"Smith & Wesson Brands, Inc.",44.5,43.0,98.0
SMID,Smith-Midland Corporation,5.3,4.6,86.1
SEI,"Solaris Energy Infrastructure, Inc. Class A",58.4,42.6,75.3
SLNO,Soleno Therapeutics Inc,52.1,50.0,96.4
SLSN,"Solesence, Inc",70.6,18.2,25.8
SLDB,Solid Biosciences Inc.,98.4,84.9,77.5
SLDP,"Solid Power, Inc. Class A",225.0,204.1,78.3
SAH,"Sonic Automotive, Inc. Class A",31.6,11.3,38.1
SNDA,"Sonida Senior Living, Inc.",47.3,46.5,95.4
SONO,"Sonos, Inc.",119.1,116.9,97.5
SFBC,"Sound Financial Bancorp, Inc.",2.6,2.1,82.6
SOUN,"SoundHound AI, Inc Class A",426.2,384.3,90.2
SSTI,"SoundThinking, Inc.",13.0,9.7,73.8
SPFI,South Plains Financial Inc,19.1,14.0,75.5
SFST,"Southern First Bancshares, Inc.",9.5,8.8,91.7
SMBC,"Southern Missouri Bancorp, Inc.",11.0,9.4,85.2
SLND,"Southland Holdings, Inc.",54.2,14.4,23.2
SBSI,"Southside Bancshares, Inc.",29.8,28.3,94.2
SWX,"Southwest Gas Holdings, Inc.",72.4,68.3,91.0
SPB,"Spectrum Brands Holdings, Inc.",23.2,22.0,96.0
SPHR,Sphere Entertainment Co. Class A,35.8,27.0,75.6
SPIR,"Spire Global, Inc. Class A",33.5,27.6,82.8
SR,Spire Inc.,59.1,57.7,97.6
SPOK,"Spok Holdings, Inc.",20.9,20.4,98.4
CXM,"Sprinklr, Inc. Class A",234.0,106.1,49.4
SPT,"Sprout Social, Inc. Class A",60.1,52.1,86.9
SPSC,"SPS Commerce, Inc.",36.7,35.8,98.3
SPXC,"SPX Technologies, Inc.",50.1,48.4,96.9
SYRE,"Spyre Therapeutics, Inc",86.8,76.3,81.9
SRBK,"SR Bancorp, Inc.",8.3,6.9,83.9
*SSRM,SSR Mining Inc,207.5,204.8,#N/A
JOE,St. Joe Company,57.4,55.3,98.6
STAA,STAAR Surgical Company,49.5,33.0,69.2
STGW,"Stagwell, Inc. Class A",247.9,107.5,41.3
LAB,Standard BioTools Inc.,390.4,372.4,95.9
SMP,"Standard Motor Products, Inc.",22.3,21.1,94.7
SXI,Standex International Corporation,12.1,11.9,98.2
STRZ,Starz Entertainment Corp,16.8,11.3,#N/A
STEL,"Stellar Bancorp, Inc.",50.9,45.8,90.1
SCL,Stepan Co,22.7,21.6,95.3
STEP,"StepStone Group, Inc. Class A",80.1,75.4,86.6
STXS,"Stereotaxis, Inc.",97.5,82.0,83.3
STRL,"Sterling Infrastructure, Inc.",30.7,30.0,97.0
SHOO,"Steven Madden, Ltd.",73.1,71.3,97.8
STC,Stewart Information Services Corporation,30.4,29.8,98.2
SFIX,"Stitch Fix, Inc. Class A",136.5,112.6,82.3
SYBT,"Stock Yards Bancorp, Inc.",29.5,27.2,91.0
STOK,"Stoke Therapeutics, Inc.",62.3,48.9,77.9
STNE,StoneCo Ltd. Class A,245.4,214.5,89.5
SNEX,StoneX Group Inc.,79.3,69.4,87.3
SRTA,"Strata Critical Medical, Inc. Class A",86.5,65.6,71.9
STRA,"Strategic Education, Inc.",22.6,21.8,96.4
STRT,Strattec Security Corporation,4.2,4.0,91.2
STRS,Stratus Properties Inc.,8.0,6.5,81.3
STRW,Strawberry Fields REIT Inc,13.4,8.1,59.7
LRN,"Stride, Inc.",42.5,41.3,97.2
ASST,"Strive, Inc. Class A",69.2,58.2,77.9
RGR,"Sturm, Ruger & Company, Inc.",15.9,13.9,86.9
INN,"Summit Hotel Properties, Inc.",108.4,101.7,94.4
SMC,Summit Midstream Corporation,13.8,9.2,77.8
SNCY,"Sun Country Airlines Holdings, Inc.",54.2,45.4,86.8
SXC,"SunCoke Energy, Inc.",84.9,83.9,99.0
SPWR,SunPower Inc.,126.7,84.0,65.5
SUNS,"Sunrise Realty Trust, Inc.",13.5,9.7,71.8
RUN,Sunrun Inc.,238.5,229.9,96.4
SHO,"Sunstone Hotel Investors, Inc.",186.3,183.4,98.6
SGHC,Super Group (SGHC) Limited,508.1,159.7,30.5
SGC,"Superior Group of Companies, Inc.",15.6,10.4,66.6
SUPN,"Supernus Pharmaceuticals, Inc.",58.0,54.9,94.6
SGRY,"Surgery Partners, Inc.",130.8,78.3,59.9
SG,"Sweetgreen, Inc. Class A",118.8,99.2,84.1
SLVM,Sylvamo Corporation,39.7,32.9,82.5
SYNA,Synaptics Incorporated,38.6,37.6,97.2
SNDX,Syndax Pharmaceuticals Inc,88.6,85.2,96.7
TE,T1 Energy Inc.,279.3,204.5,71.4
TCMD,"Tactile Systems Technology, Inc.",22.6,21.9,96.0
TALK,"Talkspace, Inc.",167.5,137.2,82.3
TALO,"Talos Energy, Inc.",166.9,123.7,73.2
TNDM,"Tandem Diabetes Care, Inc.",68.5,63.4,98.9
SKT,Tanger Inc.,114.9,112.0,97.6
TNGX,"Tango Therapeutics, Inc.",144.2,104.5,67.6
TH,Target Hospitality Corp.,100.2,40.5,32.4
TARS,"Tarsus Pharmaceuticals, Inc.",43.0,40.3,93.8
TMHC,Taylor Morrison Home Corporation,93.4,90.7,97.3
TSHA,"Taysha Gene Therapies, Inc.",287.4,235.6,83.6
TEAD,Teads Holding Co.,97.0,28.7,30.6
TTGT,"TechTarget, Inc.",72.3,29.2,40.2
TGLS,Tecnoglass Inc.,44.4,23.8,57.6
TECX,Tectonic Therapeutic Inc,18.9,8.9,53.8
TK,Teekay Corporation Ltd,86.8,54.2,60.2
TNK,Teekay Tankers Ltd Class A,#N/A,#N/A,69.2
TRC,Tejon Ranch Co.,27.0,24.6,91.3
TDOC,"Teladoc Health, Inc.",180.5,177.4,97.8
TDS,"Telephone and Data Systems, Inc.",113.8,98.3,86.3
TLS,Telos Corporation,74.8,52.8,71.6
TENB,"Tenable Holdings, Inc.",110.3,107.8,98.0
TNC,Tennant Company,17.0,16.6,98.4
WULF,TeraWulf Inc.,495.5,343.4,64.6
TEX,Terex Corporation,114.2,112.1,97.5
TRNO,Terreno Realty Corporation,106.3,104.0,97.8
TTI,"TETRA Technologies, Inc.",135.4,127.0,94.1
TVGN,Tevogen Bio Holdings Inc.,4.2,1.0,21.7
TCBI,"Texas Capital Bancshares, Inc.",43.7,42.5,97.5
TGTX,"TG Therapeutics, Inc.",153.1,142.0,93.2
TBPH,Theravance Biopharma Inc,51.6,48.2,93.4
THR,"Thermon Group Holdings, Inc.",32.9,32.0,97.6
TCBX,Third Coast Bancshares Inc,16.6,13.5,79.0
TDUP,"thredUP, Inc. Class A",129.0,102.0,75.2
THRY,"Thryv Holdings, Inc.",44.3,40.6,93.1
TIC,"TIC Solutions, Inc.",122.4,108.1,88.2
TDW,Tidewater Inc,49.7,46.6,93.9
TTSH,"Tile Shop Holdings, Inc.",39.8,23.5,63.4
TSBK,"Timberland Bancorp, Inc.",7.8,7.3,94.2
TIPT,Tiptree Inc.,37.6,23.1,57.4
TTAM,Titan America SA,184.4,24.5,13.3
TWI,"Titan International, Inc.",64.4,51.3,75.2
TITN,Titan Machinery Inc.,23.4,20.8,88.9
TMP,Tompkins Financial Corporation,14.4,13.4,92.0
TNXP,Tonix Pharmaceuticals Holding Corp.,15.9,15.9,100.0
TR,"Tootsie Roll Industries, Inc.",73.0,15.8,23.3
CURV,"Torrid Holdings, Inc.",99.5,34.0,33.0
TOWN,TowneBank,92.2,90.7,100.0
MITT,"TPG Mortgage Investment Trust, Inc.",31.8,29.4,90.0
TRTX,"TPG RE Finance Trust, Inc.",77.3,71.8,89.8
COOK,"Traeger, Inc.",2.8,1.3,45.1
TRNS,"Transcat, Inc.",9.3,9.1,97.2
TCI,"Transcontinental Realty Investors, Inc.",8.6,1.1,13.6
TMDX,"TransMedics Group, Inc.",34.6,33.4,96.5
RIG,Transocean Ltd.,"1,116.4","1,009.7",86.4
TZOO,Travelzoo,10.9,7.0,66.1
TVTX,"Travere Therapeutics, Inc.",93.0,91.3,98.2
TMCI,"Treace Medical Concepts, Inc.",64.9,49.1,72.1
TG,Tredegar Corporation,35.0,31.6,85.4
TRVI,"Trevi Therapeutics, Inc.",142.0,91.2,65.7
TPH,"Tri Pointe Homes, Inc.",85.2,82.4,96.6
TCBK,TriCo Bancshares,31.9,29.2,91.7
TRS,TriMas Corporation,35.8,26.9,77.4
TNET,"TriNet Group, Inc.",45.9,45.5,97.8
TRN,"Trinity Industries, Inc.",79.5,78.7,98.6
TSEOF,Trinseo PLC,36.6,33.6,92.8
TRIP,"TripAdvisor, Inc.",116.4,107.4,92.7
TLSI,"TriSalus Life Sciences, Inc.",61.4,41.5,61.9
TFIN,"Triumph Financial, Inc.",23.8,22.4,94.1
TROX,Tronox Holdings Plc,159.5,117.4,73.3
TBRG,"TruBridge, Inc.",15.0,14.3,96.1
TBI,"TrueBlue, Inc.",30.4,28.3,95.6
TRUP,"Trupanion, Inc.",43.6,30.3,79.6
TRST,TrustCo Bank Corp NY,17.5,16.9,96.2
TRMK,Trustmark Corporation,58.6,54.2,92.7
TSSI,"TSS, Inc.",28.1,24.0,85.6
TTEC,"TTEC Holdings, Inc.",48.7,20.0,41.5
TTMI,"TTM Technologies, Inc.",103.9,101.4,96.6
TCX,Tucows Inc.,11.1,8.7,78.1
HURA,"TuHURA Biosciences, Inc.",63.7,48.0,75.3
TPB,Turning Point Brands Inc,19.4,18.5,93.7
TBCH,Turtle Beach Corporation,19.8,13.7,74.5
TPC,Tutor Perini Corporation,52.6,44.9,85.4
TVRD,Tvardi Therapeutics Inc.,9.4,6.5,69.8
TWST,Twist Bioscience Corp.,62.3,59.6,95.5
TWO,Two Harbors Investment Corp.,105.0,103.9,98.5
TXNM,"TXNM Energy, Inc.",110.7,109.5,98.9
TYRA,"Tyra Bioscience, Inc",59.5,43.8,68.5
USAU,U.S. Gold Corp.,16.5,13.9,83.6
USGO,U.S. GoldMining Inc.,13.3,2.9,21.5
USPH,"U.S. Physical Therapy, Inc.",15.2,14.9,98.0
UFPI,"UFP Industries, Inc.",56.5,55.4,97.9
UFPT,"UFP Technologies, Inc.",7.7,7.4,96.2
UCTT,"Ultra Clean Holdings, Inc.",44.8,43.6,97.0
UMBF,UMB Financial Corporation,76.0,71.9,96.0
UMH,"UMH Properties, Inc.",85.2,79.9,93.7
UNF,UniFirst Corporation,17.4,14.4,82.6
UNB,"Union Bankshares, Inc.",4.6,3.8,97.5
UIS,Unisys Corporation,72.9,63.3,91.0
UBSI,"United Bankshares, Inc.",137.8,134.5,97.7
UCB,"United Community Banks, Inc.",119.7,118.9,99.3
UFCS,"United Fire Group, Inc.",25.7,21.2,84.1
UNFI,"United Natural Foods, Inc.",60.8,59.2,97.4
PRKS,United Parks & Resorts Inc.,47.1,45.8,97.3
UAMY,United States Antimony Corporation,143.1,123.9,86.9
USLM,"United States Lime & Minerals, Inc.",28.7,10.7,37.4
UNIT,Uniti Group Inc.,242.8,224.6,94.4
UTL,Unitil Corporation,18.0,17.6,98.0
UNTY,"Unity Bancorp, Inc.",10.0,6.9,67.8
UVV,Universal Corp,24.9,24.4,96.2
UHT,Universal Health Realty Income Trust,13.9,12.7,91.7
UVE,"Universal Insurance Holdings, Inc.",27.9,25.3,90.9
ULH,"Universal Logistics Holdings, Inc.",26.4,7.0,25.4
UTI,"Universal Technical Institute, Inc.",55.1,52.9,96.3
UVSP,Univest Financial Corporation,27.8,27.4,98.5
UPBD,"Upbound Group, Inc.",58.3,52.4,90.2
UPST,"Upstart Holdings, Inc.",95.7,82.0,87.1
UPB,"Upstream Bio, Inc.",54.4,31.6,53.6
UPWK,"Upwork, Inc.",123.5,115.0,92.8
UEC,Uranium Energy Corp.,490.2,481.4,97.5
UE,Urban Edge Properties,126.0,125.9,99.9
URBN,"Urban Outfitters, Inc.",85.6,50.0,57.7
URGN,UroGen Pharma Ltd.,48.7,38.6,78.4
USAR,"USA Rare Earth, Inc. Class A",218.0,196.4,84.1
TDAY,"USA TODAY Co., Inc.",146.7,119.7,81.5
USNA,"USANA Health Sciences, Inc.",18.5,10.9,58.9
USCB,"USCB Financial Holdings, Inc. Class A",18.3,11.7,63.9
UTMD,"Utah Medical Products, Inc.",3.2,3.0,92.9
UTZ,"UTZ Brands, Inc. Class A",88.5,71.9,80.7
VVX,V2X Inc,31.3,28.6,82.8
EGY,"VAALCO Energy, Inc.",104.3,101.3,97.2
VAL,Valaris Ltd.,69.3,48.1,88.2
VHI,"Valhi, Inc.",28.3,2.4,8.5
VLY,Valley National Bancorp,554.1,474.6,85.5
VALU,"Value Line, Inc.",9.4,0.8,8.3
VNDA,Vanda Pharmaceuticals Inc.,60.1,55.0,93.2
VREX,Varex Imaging Corporation,42.1,41.3,98.0
VRNS,"Varonis Systems, Inc.",114.8,108.9,95.5
PCVX,"Vaxcyte, Inc.",144.4,140.8,97.4
VECO,Veeco Instruments Inc.,61.0,59.4,97.7
VEL,"Velocity Financial, Inc.",39.3,24.6,61.8
VERA,"Vera Therapeutics, Inc. Class A",71.8,58.1,80.7
VCYT,"Veracyte, Inc.",79.8,77.9,97.8
VSTM,"Verastem, Inc.",87.9,75.4,86.1
VGAS,"Verde Clean Fuels, Inc. Class A",22.0,3.4,15.2
VCEL,Vericel Corporation,51.1,50.4,98.9
VRE,"Veris Residential, Inc.",93.8,87.9,97.5
VRRM,Verra Mobility Corp. Class A,151.9,150.5,99.1
VERX,"Vertex, Inc. Class A",160.0,72.4,45.6
VSTS,Vestis Corporation,132.1,129.7,98.2
VIA,"Via Transportation, Inc. Class A",81.2,35.8,37.7
DSP,"Viant Technology, Inc. Class A",63.3,16.5,25.8
VSAT,"ViaSat, Inc.",135.8,128.4,86.7
VIAV,Viavi Solutions Inc,233.9,231.2,98.4
VICR,Vicor Corporation,45.6,24.5,51.1
VSCO,Victoria's Secret & Company,79.4,67.9,85.6
VCTR,"Victory Capital Holdings, Inc. Class A",62.5,52.1,84.0
VMD,"Viemed Healthcare, Inc.",38.3,33.1,86.6
VLGEA,"Village Super Market, Inc. Class A",13.3,9.0,66.8
VIR,"Vir Biotechnology, Inc.",168.7,121.9,68.0
VIRC,Virco Mfg. Corporation,15.8,13.2,83.4
VABK,Virginia National Bankshares Corporation,5.4,4.7,85.8
VRDN,"Viridian Therapeutics, Inc.",103.1,94.3,91.5
VRTS,"Virtus Investment Partners, Inc.",6.7,6.3,93.7
VSH,"Vishay Intertechnology, Inc.",136.1,122.8,90.2
VPG,"Vishay Precision Group, Inc.",13.3,11.8,88.9
VISN,"Vistance Networks, Inc.",225.6,217.4,96.3
VC,Visteon Corporation,26.7,26.2,98.4
COCO,"Vita Coco Company, Inc.",57.1,48.9,85.3
VITL,"Vital Farms, Inc.",42.8,35.1,77.8
VTS,"Vitesse Energy, Inc.",41.7,30.6,72.3
SEAT,Vivid Seats Inc. Class A,11.0,3.8,35.2
*VOXR,Vox Royalty Corp,68.9,60.3,#N/A
VOYG,"Voyager Technologies, Inc. Class A",59.3,50.9,85.9
VYGR,"Voyager Therapeutics, Inc.",60.4,50.3,82.4
VRM,"Vroom, Inc.",1.8,1.8,97.8
VSEC,VSE Corporation,28.1,26.5,93.7
VTEX,VTEX Class A,170.5,63.0,38.6
VUZI,Vuzix Corporation,83.2,70.4,84.0
WTI,"W&T Offshore, Inc.",148.8,98.3,66.1
WNC,Wabash National Corporation,40.7,38.6,95.2
WAFD,"WaFd, Inc.",73.9,72.7,98.5
WALD,Waldencast plc Class A,118.2,47.1,30.7
WD,"Walker & Dunlop, Inc.",34.3,32.9,96.3
WRBY,"Warby Parker, Inc. Class A",122.5,100.5,81.7
HCC,"Warrior Met Coal, Inc.",52.8,51.7,97.9
WASH,"Washington Trust Bancorp, Inc.",19.1,18.6,98.2
WSBF,"Waterstone Financial, Inc.",18.1,14.9,81.7
WTS,"Watts Water Technologies, Inc. Class A",33.4,27.1,81.1
WVE,Wave Life Sciences Ltd.,192.4,157.9,83.9
WAY,Waystar Holding Corp.,191.8,136.2,71.3
WDFC,WD-40 Company,13.5,13.4,99.7
WLTH,Wealthfront Corporation,149.6,84.9,57.1
WEAV,"Weave Communications, Inc.",79.6,66.8,86.3
WBTN,WEBTOON Entertainment Inc.,135.2,20.6,13.7
BULL,Webull Corporation,531.8,283.6,52.2
WMK,"Weis Markets, Inc.",24.7,12.2,54.7
WERN,"Werner Enterprises, Inc.",60.0,59.0,98.0
WSBC,"WesBanco, Inc.",96.2,94.0,97.9
WTBA,"West Bancorporation, Inc.",17.0,15.0,87.7
WABC,Westamerica Bancorporation,23.5,22.3,95.0
WNEB,"Western New England Bancorp, Inc.",20.1,17.6,87.3
WEST,Westrock Coffee Company,97.6,47.8,49.2
WHG,"Westwood Holdings Group, Inc.",9.5,7.2,79.0
WEYS,"Weyco Group, Inc.",9.5,6.2,60.0
WYFI,"WhiteFiber, Inc.",38.4,9.5,25.0
WSR,Whitestone REIT,51.4,43.6,86.6
WLDN,"Willdan Group, Inc.",15.1,14.6,96.8
WLFC,Willis Lease Finance Corporation,7.0,3.0,36.4
WINA,Winmark Corporation,3.6,3.0,83.1
WGO,"Winnebago Industries, Inc.",28.3,27.1,96.1
WT,"WisdomTree, Inc.",152.9,131.9,86.6
WWW,"Wolverine World Wide, Inc.",82.0,80.3,98.2
WK,Workiva Inc. Class A,56.1,49.7,89.0
WRLD,World Acceptance Corporation,4.9,4.0,80.9
WKC,World Kinect Corporation,51.4,49.2,96.0
WOR,"Worthington Enterprises, Inc.",49.3,30.7,63.1
WS,"Worthington Steel, Inc.",50.8,32.5,64.1
WSFS,WSFS Financial Corporation,52.0,51.5,99.0
SAFX,"XCF Global, Inc. Class A",232.7,28.3,29.4
XNCR,"Xencor, Inc.",74.1,69.6,93.9
XHR,"Xenia Hotels & Resorts, Inc.",92.2,91.4,98.9
XENE,Xenon Pharmaceuticals Inc.,96.7,93.9,96.5
XERS,"Xeris Biopharma Holdings, Inc.",172.6,160.8,93.6
XRX,Xerox Holdings Corporation,130.8,118.9,92.6
XOMA,XOMA Royalty Corporation,12.5,12.0,98.1
XMTR,"Xometry, Inc. Class A",51.8,43.3,84.2
XPEL,"XPEL, Inc.",27.6,25.0,90.6
XPER,Xperi Inc,48.3,43.4,92.0
XPOF,"Xponential Fitness, Inc. Class A",37.3,28.3,76.7
YELP,Yelp Inc.,55.0,52.7,97.0
YEXT,"Yext, Inc.",123.3,107.8,83.4
YSS,"York Space Systems, Inc.",127.6,83.6,#N/A
YORW,York Water Company,16.2,16.0,98.8
ZBIO,"Zenas BioPharma, Inc.",57.4,25.9,41.9
ZETA,Zeta Global Holdings Corp. Class A,249.3,217.9,87.3
ZVIA,Zevia PBC Class A,71.8,66.7,80.8
ZVRA,"Zevra Therapeutics, Inc.",59.1,58.3,99.0
ZD,"Ziff Davis, Inc.",36.8,33.0,94.1
ZIP,"ZipRecruiter, Inc. Class A",84.4,62.9,74.6
ZUMZ,Zumiez Inc.,17.3,13.3,77.6
ZWS,Zurn Elkay Water Solutions Corporation,166.9,147.5,88.5
ZYME,Zymeworks Inc.,73.6,69.3,94.7